userId,movieId,rating,timestamp,title,genres
1,1,4.0,964982703.0,Toy Story (1995),Adventure|Animation|Children|Comedy|Fantasy
1,3,4.0,964981247.0,Grumpier Old Men (1995),Comedy|Romance
1,6,4.0,964982224.0,Heat (1995),Action|Crime|Thriller
1,47,5.0,,Seven (a.k.a. Se7en) (1995),Mystery|Thriller
1,50,5.0,964982931.0,"Usual Suspects, The (1995)",Crime|Mystery|Thriller
1,70,3.0,,From Dusk Till Dawn (1996),Action|Comedy|Horror|Thriller
1,101,5.0,964980868.0,Bottle Rocket (1996),
1,110,4.0,964982176.0,Braveheart (1995),Action|Drama|War
1,151,5.0,,Rob Roy (1995),Action|Drama|Romance|War
1,157,5.0,964984100.0,Canadian Bacon (1995),Comedy|War
1,163,,964983650.0,Desperado (1995),Action|Romance|Western
1,216,5.0,964981208.0,Billy Madison (1995),Comedy
1,223,3.0,964980985.0,Clerks (1994),Comedy
1,231,5.0,964981179.0,Dumb & Dumber (Dumb and Dumber) (1994),Adventure|Comedy
1,235,4.0,,Ed Wood (1994),
1,260,5.0,964981680.0,Star Wars: Episode IV - A New Hope (1977),Action|Adventure|Sci-Fi
1,296,3.0,964982967.0,Pulp Fiction (1994),Comedy|Crime|Drama|Thriller
1,316,3.0,964982310.0,Stargate (1994),Action|Adventure|Sci-Fi
1,333,5.0,964981179.0,Tommy Boy (1995),Comedy
1,349,4.0,964982563.0,Clear and Present Danger (1994),Action|Crime|Drama|Thriller
1,356,4.0,964980962.0,Forrest Gump (1994),Comedy|Drama|Romance|War
1,362,5.0,964982588.0,"Jungle Book, The (1994)",Adventure|Children|Romance
1,367,4.0,964981710.0,"Mask, The (1994)",
1,423,3.0,964982363.0,Blown Away (1994),Action|Thriller
1,441,4.0,964980868.0,Dazed and Confused (1993),Comedy
1,457,5.0,964981909.0,"Fugitive, The (1993)",Thriller
1,480,4.0,964982346.0,Jurassic Park (1993),Action|Adventure|Sci-Fi|Thriller
1,500,3.0,964981208.0,Mrs. Doubtfire (1993),Comedy|Drama
1,527,5.0,964984002.0,Schindler's List (1993),Drama|War
1,543,,964981179.0,So I Married an Axe Murderer (1993),Comedy|Romance|Thriller
1,552,4.0,964982653.0,"Three Musketeers, The (1993)",Action|Adventure|Comedy|Romance
1,553,5.0,964984153.0,Tombstone (1993),Action|Drama|Western
1,590,4.0,,Dances with Wolves (1990),
1,592,4.0,,Batman (1989),Action|Crime|Thriller
1,593,4.0,964983793.0,"Silence of the Lambs, The (1991)",
1,596,5.0,964982838.0,Pinocchio (1940),Animation|Children|Fantasy|Musical
1,608,5.0,964982931.0,Fargo (1996),Comedy|Crime|Drama|Thriller
1,648,3.0,964982563.0,Mission: Impossible (1996),Action|Adventure|Mystery|Thriller
1,661,5.0,964982838.0,James and the Giant Peach (1996),Adventure|Animation|Children|Fantasy|Musical
1,673,3.0,964981775.0,Space Jam (1996),Adventure|Animation|Children|Comedy|Fantasy|Sci-Fi
1,733,4.0,964982400.0,"Rock, The (1996)",Action|Adventure|Thriller
1,736,3.0,964982653.0,Twister (1996),Action|Adventure|Romance|Thriller
1,780,3.0,964984086.0,Independence Day (a.k.a. ID4) (1996),Action|Adventure|Sci-Fi|Thriller
1,804,4.0,964980499.0,She's the One (1996),Comedy|Romance
1,919,5.0,964982475.0,"Wizard of Oz, The (1939)",Adventure|Children|Fantasy|Musical
1,923,5.0,964981529.0,Citizen Kane (1941),Drama|Mystery
1,940,5.0,964982176.0,"Adventures of Robin Hood, The (1938)",Action|Adventure|Romance
1,943,4.0,964983614.0,"Ghost and Mrs. Muir, The (1947)",Drama|Fantasy|Romance
1,954,5.0,964983219.0,Mr. Smith Goes to Washington (1939),Drama
1,1009,3.0,964981775.0,Escape to Witch Mountain (1975),Adventure|Children|Fantasy
1,1023,5.0,964982681.0,Winnie the Pooh and the Blustery Day (1968),
1,1024,5.0,964982876.0,"Three Caballeros, The (1945)",Animation|Children|Musical
1,1025,5.0,964982791.0,"Sword in the Stone, The (1963)",Animation|Children|Fantasy|Musical
1,1029,5.0,964982855.0,Dumbo (1941),Animation|Children|Drama|Musical
1,1030,3.0,964982903.0,Pete's Dragon (1977),Adventure|Animation|Children|Musical
1,1031,5.0,964982653.0,Bedknobs and Broomsticks (1971),Adventure|Children|Musical
1,1032,,964982791.0,Alice in Wonderland (1951),Adventure|Animation|Children|Fantasy|Musical
1,1042,4.0,964981179.0,That Thing You Do! (1996),Comedy|Drama
1,1049,5.0,964982400.0,"Ghost and the Darkness, The (1996)",Action|Adventure
1,1060,4.0,964980924.0,Swingers (1996),Comedy|Drama
1,1073,5.0,964981680.0,Willy Wonka & the Chocolate Factory (1971),Children|Comedy|Fantasy|Musical
1,1080,5.0,964981327.0,Monty Python's Life of Brian (1979),Comedy
1,1089,5.0,964982951.0,Reservoir Dogs (1992),Crime|Mystery|Thriller
1,1090,4.0,964984018.0,Platoon (1986),Drama|War
1,1092,5.0,964983484.0,Basic Instinct (1992),Crime|Mystery|Thriller
1,1097,,964981680.0,E.T. the Extra-Terrestrial (1982),Children|Drama|Sci-Fi
1,1127,4.0,964982513.0,"Abyss, The (1989)",
1,1136,5.0,964981327.0,Monty Python and the Holy Grail (1975),Adventure|Comedy|Fantasy
1,1196,5.0,964981827.0,Star Wars: Episode V - The Empire Strikes Back (1980),Action|Adventure|Sci-Fi
1,1197,,964981872.0,"Princess Bride, The (1987)",Action|Adventure|Comedy|Fantasy|Romance
1,1198,,,Raiders of the Lost Ark (Indiana Jones and the Raiders of the Lost Ark) (1981),Action|Adventure
1,1206,5.0,964983737.0,"Clockwork Orange, A (1971)",Crime|Drama|Sci-Fi|Thriller
1,1208,4.0,964983250.0,Apocalypse Now (1979),Action|Drama|War
1,1210,5.0,964980499.0,Star Wars: Episode VI - Return of the Jedi (1983),Action|Adventure|Sci-Fi
1,1213,5.0,964982951.0,Goodfellas (1990),Crime|Drama
1,1214,4.0,964981855.0,Alien (1979),Horror|Sci-Fi
1,1219,2.0,964983393.0,Psycho (1960),Crime|Horror
1,1220,5.0,964981909.0,"Blues Brothers, The (1980)",Action|Comedy|Musical
1,1222,5.0,964981909.0,Full Metal Jacket (1987),Drama|War
1,1224,5.0,,Henry V (1989),Action|Drama|Romance|War
1,1226,5.0,964983618.0,"Quiet Man, The (1952)",
1,1240,5.0,964983723.0,"Terminator, The (1984)",Action|Sci-Fi|Thriller
1,1256,5.0,964981442.0,Duck Soup (1933),Comedy|Musical|War
1,1258,3.0,964983414.0,"Shining, The (1980)",Horror
1,1265,4.0,964983599.0,Groundhog Day (1993),Comedy|Fantasy|Romance
1,1270,5.0,964983705.0,Back to the Future (1985),Adventure|Comedy|Sci-Fi
1,1275,5.0,964982290.0,Highlander (1986),Action|Adventure|Fantasy
1,1278,5.0,964983414.0,Young Frankenstein (1974),Comedy|Fantasy
1,1282,5.0,964982703.0,Fantasia (1940),Animation|Children|Fantasy|Musical
1,1291,5.0,964981909.0,Indiana Jones and the Last Crusade (1989),Action|Adventure
1,1298,5.0,964984086.0,Pink Floyd: The Wall (1982),Drama|Musical
1,1348,4.0,964983393.0,"Nosferatu (Nosferatu, eine Symphonie des Grauens) (1922)",Horror
1,1377,3.0,964982653.0,Batman Returns (1992),Action|Crime
1,1396,3.0,964983017.0,Sneakers (1992),Action|Comedy|Crime|Drama|Sci-Fi
1,1408,3.0,964982310.0,"Last of the Mohicans, The (1992)",Action|Romance|War|Western
1,1445,3.0,964984112.0,McHale's Navy (1997),Comedy|War
1,1473,4.0,964980875.0,Best Men (1997),Action|Comedy|Crime|Drama
1,1500,4.0,964980985.0,Grosse Pointe Blank (1997),Comedy|Crime|Romance
1,1517,5.0,964981107.0,Austin Powers: International Man of Mystery (1997),Action|Adventure|Comedy
1,1552,,964982620.0,Con Air (1997),Action|Adventure|Thriller
1,1573,5.0,964982290.0,Face/Off (1997),Action|Crime|Drama|Thriller
1,1580,3.0,964981125.0,Men in Black (a.k.a. MIB) (1997),
1,1587,5.0,964982346.0,Conan the Barbarian (1982),Action|Adventure|Fantasy
1,1617,5.0,964982951.0,L.A. Confidential (1997),Crime|Film-Noir|Mystery|Thriller
1,1620,4.0,964983056.0,Kiss the Girls (1997),Crime|Drama|Mystery|Thriller
1,1625,5.0,964983504.0,"Game, The (1997)",Drama|Mystery|Thriller
1,1644,3.0,964983536.0,I Know What You Did Last Summer (1997),Horror|Mystery|Thriller
1,1676,3.0,964982620.0,Starship Troopers (1997),Action|Sci-Fi
1,1732,5.0,964981125.0,"Big Lebowski, The (1998)",Comedy|Crime
1,1777,4.0,,"Wedding Singer, The (1998)",Comedy|Romance
1,1793,4.0,964981404.0,Welcome to Woop-Woop (1997),Comedy
1,1804,,964983034.0,"Newton Boys, The (1998)",Crime|Drama
1,1805,4.0,964983056.0,Wild Things (1998),Crime|Drama|Mystery|Thriller
1,1920,4.0,964981780.0,Small Soldiers (1998),Animation|Children|Fantasy|War
1,1927,5.0,964981497.0,All Quiet on the Western Front (1930),Action|Drama|War
1,1954,5.0,964982176.0,Rocky (1976),Drama
1,1967,4.0,964981710.0,Labyrinth (1986),
1,2000,4.0,964982211.0,Lethal Weapon (1987),Action|Comedy|Crime|Drama
1,2005,5.0,964981710.0,"Goonies, The (1985)",Action|Adventure|Children|Comedy|Fantasy
1,2012,4.0,964984176.0,Back to the Future Part III (1990),Adventure|Comedy|Sci-Fi|Western
1,2018,5.0,964980523.0,Bambi (1942),Animation|Children|Drama
1,2028,4.0,964981888.0,Saving Private Ryan (1998),Action|Drama|War
1,2033,5.0,964982903.0,"Black Cauldron, The (1985)",Adventure|Animation|Children|Fantasy
1,2046,4.0,964982563.0,Flight of the Navigator (1986),Adventure|Children|Sci-Fi
1,2048,,964982791.0,"Great Mouse Detective, The (1986)",Action|Animation|Children|Crime
1,2054,4.0,964981747.0,"Honey, I Shrunk the Kids (1989)",Adventure|Children|Comedy|Fantasy|Sci-Fi
1,2058,5.0,964982400.0,"Negotiator, The (1998)",Action|Crime|Drama|Mystery|Thriller
1,2078,5.0,964982838.0,"Jungle Book, The (1967)",Animation|Children|Comedy|Musical
1,2090,,964982838.0,"Rescuers, The (1977)",Adventure|Animation|Children|Crime|Drama
1,2093,3.0,964981710.0,Return to Oz (1985),Adventure|Children|Fantasy
1,2094,5.0,964982653.0,"Rocketeer, The (1991)",
1,2096,4.0,964982838.0,Sleeping Beauty (1959),Animation|Children|Musical
1,2099,4.0,964982588.0,Song of the South (1946),Adventure|Animation|Children|Musical
1,2105,4.0,964981725.0,Tron (1982),
1,2115,5.0,964982529.0,Indiana Jones and the Temple of Doom (1984),Action|Adventure|Fantasy
1,2116,5.0,964982876.0,"Lord of the Rings, The (1978)",Adventure|Animation|Children|Fantasy
1,2137,5.0,964982791.0,Charlotte's Web (1973),Animation|Children
1,2139,5.0,964982791.0,"Secret of NIMH, The (1982)",Adventure|Animation|Children|Drama
1,2141,5.0,964982838.0,"American Tail, An (1986)",Adventure|Animation|Children|Comedy
1,2143,4.0,964981725.0,Legend (1985),Adventure|Fantasy|Romance
1,2161,5.0,964981710.0,"NeverEnding Story, The (1984)",Adventure|Children|Fantasy
1,2174,4.0,964981680.0,Beetlejuice (1988),
1,2193,4.0,964981710.0,Willow (1988),Action|Adventure|Fantasy
1,2253,2.0,964981775.0,Toys (1992),Comedy|Fantasy
1,2268,4.0,964982989.0,"Few Good Men, A (1992)",Crime|Drama|Thriller
1,2273,4.0,964982310.0,Rush Hour (1998),Action|Comedy|Crime|Thriller
1,2291,5.0,964983664.0,Edward Scissorhands (1990),Drama|Fantasy|Romance
1,2329,5.0,964983263.0,American History X (1998),Crime|Drama
1,2338,2.0,964983546.0,I Still Know What You Did Last Summer (1998),Horror|Mystery|Thriller
1,2353,5.0,,Enemy of the State (1998),Action|Thriller
1,2366,4.0,964982462.0,King Kong (1933),Action|Adventure|Fantasy|Horror
1,2387,5.0,964983123.0,Very Bad Things (1998),Comedy|Crime
1,2389,2.0,964983094.0,Psycho (1998),Crime|Horror|Thriller
1,2395,5.0,964981093.0,Rushmore (1998),Comedy|Drama
1,2406,4.0,964982310.0,Romancing the Stone (1984),Action|Adventure|Comedy|Romance
1,2414,3.0,964982513.0,Young Sherlock Holmes (1985),Action|Adventure|Children|Fantasy|Mystery|Thriller
1,2427,5.0,964982242.0,"Thin Red Line, The (1998)",Action|Drama|War
1,2450,4.0,964982620.0,Howard the Duck (1986),
1,2459,5.0,964983414.0,"Texas Chainsaw Massacre, The (1974)",Horror
1,2470,5.0,964982588.0,Crocodile Dundee (1986),
1,2478,4.0,964984169.0,¡Three Amigos! (1986),Comedy|Western
1,2492,4.0,965719662.0,20 Dates (1998),Comedy|Romance
1,2502,5.0,964981278.0,Office Space (1999),Comedy|Crime
1,2528,3.0,964982328.0,Logan's Run (1976),Action|Adventure|Sci-Fi
1,2529,5.0,964982242.0,Planet of the Apes (1968),Action|Drama|Sci-Fi
1,2542,5.0,,"Lock, Stock & Two Smoking Barrels (1998)",Comedy|Crime|Thriller
1,2571,5.0,964981888.0,"Matrix, The (1999)",Action|Sci-Fi|Thriller
1,2580,5.0,964983000.0,Go (1999),Comedy|Crime
1,2596,5.0,964981144.0,SLC Punk! (1998),
1,2616,4.0,964983080.0,Dick Tracy (1990),Action|Crime
1,2617,2.0,964982588.0,"Mummy, The (1999)",Action|Adventure|Comedy|Fantasy|Horror|Thriller
1,2628,4.0,964980523.0,Star Wars: Episode I - The Phantom Menace (1999),
1,2640,4.0,964982377.0,Superman (1978),Action|Adventure|Sci-Fi
1,2641,5.0,964982620.0,Superman II (1980),Action|Sci-Fi
1,2644,4.0,964983393.0,Dracula (1931),Horror
1,2648,4.0,964983414.0,Frankenstein (1931),Drama|Horror|Sci-Fi
1,2654,5.0,964983393.0,"Wolf Man, The (1941)",Drama|Fantasy|Horror
1,2657,3.0,964983426.0,"Rocky Horror Picture Show, The (1975)",Comedy|Horror|Musical|Sci-Fi
1,2692,5.0,964981855.0,Run Lola Run (Lola rennt) (1998),Action|Crime
1,2700,5.0,964980985.0,"South Park: Bigger, Longer and Uncut (1999)",Animation|Comedy|Musical
1,2716,5.0,,Ghostbusters (a.k.a. Ghost Busters) (1984),Action|Comedy|Sci-Fi
1,2761,5.0,,"Iron Giant, The (1999)",Adventure|Animation|Children|Drama|Sci-Fi
1,2797,4.0,964981710.0,Big (1988),Comedy|Drama|Fantasy|Romance
1,2826,4.0,964980523.0,"13th Warrior, The (1999)",Action|Adventure|Fantasy
1,2858,5.0,964980868.0,American Beauty (1999),Drama|Romance
1,2872,5.0,964981680.0,Excalibur (1981),Adventure|Fantasy
1,2899,5.0,964982703.0,Gulliver's Travels (1939),Adventure|Animation|Children
1,2916,4.0,964982290.0,Total Recall (1990),Action|Adventure|Sci-Fi|Thriller
1,2944,5.0,964981872.0,"Dirty Dozen, The (1967)",Action|Drama|War
1,2947,5.0,964982176.0,Goldfinger (1964),Action|Adventure|Thriller
1,2948,5.0,964982191.0,From Russia with Love (1963),Action|Adventure|Thriller
1,2949,5.0,964981888.0,Dr. No (1962),Action|Adventure|Thriller
1,2959,5.0,964983282.0,Fight Club (1999),Action|Crime|Drama|Thriller
1,2985,4.0,964983034.0,RoboCop (1987),Action|Crime|Drama|Sci-Fi|Thriller
1,2987,5.0,964982495.0,Who Framed Roger Rabbit? (1988),Adventure|Animation|Children|Comedy|Crime|Fantasy|Mystery
1,2991,5.0,964982271.0,Live and Let Die (1973),Action|Adventure|Thriller
1,2993,5.0,,Thunderball (1965),Action|Adventure|Thriller
1,2997,4.0,964980896.0,Being John Malkovich (1999),Comedy|Drama|Fantasy
1,3033,,964983762.0,Spaceballs (1987),Comedy|Sci-Fi
1,3034,5.0,964982791.0,Robin Hood (1973),Adventure|Animation|Children|Comedy|Musical
1,3052,5.0,964981208.0,Dogma (1999),Adventure|Comedy|Fantasy
1,3053,5.0,964984086.0,"Messenger: The Story of Joan of Arc, The (1999)",Drama|War
1,3062,4.0,964981872.0,"Longest Day, The (1962)",Action|Drama|War
1,3147,5.0,964983873.0,"Green Mile, The (1999)",Crime|Drama
1,3168,4.0,964982495.0,Easy Rider (1969),Adventure|Drama
1,3176,1.0,964983504.0,"Talented Mr. Ripley, The (1999)",Drama|Mystery|Thriller
1,3243,3.0,964981093.0,Encino Man (1992),Comedy
1,3247,3.0,964983108.0,Sister Act (1992),Comedy|Crime
1,3253,5.0,964981107.0,Wayne's World (1992),Comedy
1,3273,5.0,964983536.0,Scream 3 (2000),Comedy|Horror|Mystery|Thriller
1,3386,,964983484.0,JFK (1991),Drama|Mystery|Thriller
1,3439,4.0,964981799.0,Teenage Mutant Ninja Turtles II: The Secret of the Ooze (1991),Action|Children|Fantasy
1,3440,,964981799.0,Teenage Mutant Ninja Turtles III (1993),Action|Adventure|Children|Comedy|Fantasy
1,3441,5.0,964982328.0,Red Dawn (1984),Action|Drama|War
1,3448,5.0,964984054.0,"Good Morning, Vietnam (1987)",Comedy|Drama|War
1,3450,5.0,964981144.0,Grumpy Old Men (1993),Comedy
1,3479,4.0,964981725.0,Ladyhawke (1985),Adventure|Fantasy|Romance
1,3489,4.0,964981775.0,Hook (1991),Adventure|Comedy|Fantasy
1,3527,4.0,964982271.0,Predator (1987),Action|Sci-Fi|Thriller
1,3578,5.0,964980668.0,Gladiator (2000),Action|Adventure|Drama
1,3617,4.0,964980683.0,Road Trip (2000),Comedy
1,3639,4.0,964982271.0,"Man with the Golden Gun, The (1974)",Action|Adventure|Thriller
1,3671,5.0,964981589.0,Blazing Saddles (1974),Comedy|Western
1,3702,5.0,964983737.0,Mad Max (1979),Action|Adventure|Sci-Fi
1,3703,5.0,964981909.0,"Road Warrior, The (Mad Max 2) (1981)",Action|Adventure|Sci-Fi|Thriller
1,3729,,964982363.0,Shaft (1971),Action|Crime|Drama|Thriller
1,3740,4.0,964982417.0,Big Trouble in Little China (1986),Action|Adventure|Comedy|Fantasy
1,3744,4.0,964980694.0,Shaft (2000),Action|Crime|Thriller
1,3793,5.0,964981855.0,X-Men (2000),Action|Adventure|Sci-Fi
1,3809,4.0,,What About Bob? (1991),Comedy
1,4006,4.0,964982903.0,Transformers: The Movie (1986),Adventure|Animation|Children|Sci-Fi
1,5060,5.0,964984002.0,M*A*S*H (a.k.a. MASH) (1970),Comedy|Drama|War
2,318,3.0,1445714835.0,"Shawshank Redemption, The (1994)",Crime|Drama
2,333,4.0,1445715029.0,Tommy Boy (1995),Comedy
2,1704,4.5,1445715228.0,Good Will Hunting (1997),Drama|Romance
2,3578,4.0,1445714885.0,Gladiator (2000),Action|Adventure|Drama
2,6874,4.0,1445714952.0,Kill Bill: Vol. 1 (2003),Action|Crime|Thriller
2,8798,3.5,1445714960.0,Collateral (2004),Action|Crime|Drama|Thriller
2,46970,4.0,1445715013.0,Talladega Nights: The Ballad of Ricky Bobby (2006),Action|Comedy
2,48516,4.0,1445715064.0,"Departed, The (2006)",Crime|Drama|Thriller
2,58559,4.5,1445715141.0,"Dark Knight, The (2008)",Action|Crime|Drama|IMAX
2,60756,5.0,1445714980.0,Step Brothers (2008),Comedy
2,68157,4.5,1445715154.0,Inglourious Basterds (2009),Action|Drama|War
2,71535,3.0,1445714974.0,Zombieland (2009),Action|Comedy|Horror
2,74458,4.0,1445714926.0,Shutter Island (2010),Drama|Mystery|Thriller
2,77455,3.0,1445714941.0,Exit Through the Gift Shop (2010),Comedy|Documentary
2,79132,4.0,1445714841.0,Inception (2010),Action|Crime|Drama|Mystery|Sci-Fi|Thriller|IMAX
2,80489,,1445715340.0,"Town, The (2010)",Crime|Drama|Thriller
2,80906,5.0,1445715172.0,Inside Job (2010),Documentary
2,86345,4.0,1445715166.0,Louis C.K.: Hilarious (2010),Comedy
2,89774,5.0,1445715189.0,Warrior (2011),Drama
2,91529,,1445714891.0,"Dark Knight Rises, The (2012)",Action|Adventure|Crime|IMAX
2,91658,2.5,1445714938.0,"Girl with the Dragon Tattoo, The (2011)",Drama|Thriller
2,99114,3.5,1445714874.0,Django Unchained (2012),Action|Drama|Western
2,106782,,1445714966.0,"Wolf of Wall Street, The (2013)",Comedy|Crime|Drama
2,109487,3.0,1445715145.0,Interstellar (2014),Sci-Fi|IMAX
2,112552,4.0,1445714882.0,Whiplash (2014),Drama
2,114060,2.0,1445715276.0,The Drop (2014),Crime|Drama|Thriller
2,115713,3.5,1445714854.0,Ex Machina (2015),Drama|Sci-Fi|Thriller
2,122882,5.0,1445715272.0,Mad Max: Fury Road (2015),Action|Adventure|Sci-Fi|Thriller
2,131724,5.0,1445714851.0,The Jinx: The Life and Deaths of Robert Durst (2015),Documentary
3,31,0.5,1306463578.0,Dangerous Minds (1995),Drama
3,527,0.5,1306464275.0,Schindler's List (1993),Drama|War
3,647,0.5,1306463619.0,Courage Under Fire (1996),Action|Crime|Drama|War
3,688,0.5,1306464228.0,Operation Dumbo Drop (1995),Action|Adventure|Comedy|War
3,720,0.5,1306463595.0,Wallace & Gromit: The Best of Aardman Animation (1996),Adventure|Animation|Comedy
3,849,5.0,1306463611.0,Escape from L.A. (1996),Action|Adventure|Sci-Fi|Thriller
3,914,0.5,1306463567.0,My Fair Lady (1964),Comedy|Drama|Musical|Romance
3,1093,0.5,1306463627.0,"Doors, The (1991)",Drama
3,1124,0.5,1306464216.0,On Golden Pond (1981),Drama
3,1263,0.5,1306463569.0,"Deer Hunter, The (1978)",Drama|War
3,1272,,1306463624.0,Patton (1970),Drama|War
3,1275,3.5,1306463323.0,Highlander (1986),Action|Adventure|Fantasy
3,1302,0.5,1306464189.0,Field of Dreams (1989),Children|Drama|Fantasy
3,1371,3.0,1306463561.0,Star Trek: The Motion Picture (1979),Adventure|Sci-Fi
3,1587,,1306464003.0,Conan the Barbarian (1982),Action|Adventure|Fantasy
3,2018,0.5,1306464175.0,Bambi (1942),Animation|Children|Drama
3,2080,0.5,1306463572.0,Lady and the Tramp (1955),Animation|Children|Comedy|Romance
3,2090,0.5,1306464261.0,"Rescuers, The (1977)",Adventure|Animation|Children|Crime|Drama
3,2105,2.0,1306463559.0,Tron (1982),Action|Adventure|Sci-Fi
3,2288,4.0,1306463631.0,"Thing, The (1982)",Action|Horror|Sci-Fi|Thriller
3,2424,,1306464293.0,You've Got Mail (1998),Comedy|Romance
3,2851,5.0,1306463925.0,Saturn 3 (1980),Adventure|Sci-Fi|Thriller
3,3024,4.5,1306464054.0,Piranha (1978),Horror|Sci-Fi
3,3210,0.5,1306463638.0,Fast Times at Ridgemont High (1982),
3,3703,5.0,1306463603.0,"Road Warrior, The (Mad Max 2) (1981)",Action|Adventure|Sci-Fi|Thriller
3,3949,0.5,1306464245.0,Requiem for a Dream (2000),Drama
3,4518,5.0,1306463770.0,The Lair of the White Worm (1988),Comedy|Horror
3,5048,0.5,1306464284.0,Snow Dogs (2002),Adventure|Children|Comedy
3,5181,5.0,1306463718.0,Hangar 18 (1980),Action|Sci-Fi|Thriller
3,5746,5.0,1306463708.0,Galaxy of Terror (Quest) (1981),Action|Horror|Mystery|Sci-Fi
3,5764,4.5,1306464021.0,Looker (1981),Drama|Horror|Sci-Fi|Thriller
3,5919,5.0,1306463825.0,Android (1982),Sci-Fi
3,6238,0.5,1306464204.0,Green Card (1990),Comedy|Drama|Romance
3,6835,5.0,1306463670.0,Alien Contamination (1980),Action|Horror|Sci-Fi
3,7899,4.5,1306464036.0,Master of the Flying Guillotine (Du bi quan wang da po xue di zi) (1975),Action
3,7991,5.0,1306463684.0,Death Race 2000 (1975),Action|Sci-Fi
3,26409,,1306463993.0,"Clonus Horror, The (1979)",
3,70946,5.0,,Troll 2 (1990),Fantasy|Horror
3,72378,0.5,1306464164.0,2012 (2009),Action|Drama|Sci-Fi|Thriller
4,21,3.0,986935199.0,Get Shorty (1995),Comedy|Crime|Thriller
4,32,2.0,945173447.0,Twelve Monkeys (a.k.a. 12 Monkeys) (1995),Mystery|Sci-Fi|Thriller
4,45,3.0,986935047.0,To Die For (1995),Comedy|Drama|Thriller
4,47,2.0,945173425.0,Seven (a.k.a. Se7en) (1995),
4,52,3.0,964622786.0,Mighty Aphrodite (1995),Comedy|Drama|Romance
4,58,3.0,,"Postman, The (Postino, Il) (1994)",Comedy|Drama|Romance
4,106,4.0,986848784.0,Nobody Loves Me (Keiner liebt mich) (1994),Comedy|Drama
4,125,5.0,964622758.0,Flirting With Disaster (1996),Comedy
4,126,1.0,986848920.0,"NeverEnding Story III, The (1994)",Adventure|Children|Fantasy
4,162,5.0,945078571.0,Crumb (1994),Documentary
4,171,3.0,945078428.0,Jeffrey (1995),Comedy|Drama
4,176,5.0,964622565.0,Living in Oblivion (1995),Comedy
4,190,2.0,945079259.0,Safe (1995),Thriller
4,215,5.0,945079078.0,Before Sunrise (1995),Drama|Romance
4,222,1.0,945629040.0,Circle of Friends (1995),Drama|Romance
4,232,5.0,964622684.0,Eat Drink Man Woman (Yin shi nan nu) (1994),Comedy|Drama|Romance
4,235,2.0,945173513.0,Ed Wood (1994),Comedy|Drama
4,247,3.0,986848894.0,Heavenly Creatures (1994),
4,260,5.0,945079259.0,Star Wars: Episode IV - A New Hope (1977),Action|Adventure|Sci-Fi
4,265,5.0,964538468.0,Like Water for Chocolate (Como agua para chocolate) (1992),
4,296,1.0,945173350.0,Pulp Fiction (1994),Comedy|Crime|Drama|Thriller
4,319,5.0,945079182.0,Shallow Grave (1994),Comedy|Drama|Thriller
4,342,5.0,964538500.0,Muriel's Wedding (1994),Comedy
4,345,4.0,945629063.0,"Adventures of Priscilla, Queen of the Desert, The (1994)",Comedy|Drama
4,348,,964622786.0,Bullets Over Broadway (1994),
4,351,3.0,986934901.0,"Corrina, Corrina (1994)",Comedy|Drama|Romance
4,357,3.0,964623306.0,Four Weddings and a Funeral (1994),Comedy|Romance
4,368,4.0,945078690.0,Maverick (1994),Adventure|Comedy|Western
4,417,2.0,945078467.0,Barcelona (1994),Comedy|Romance
4,441,1.0,,Dazed and Confused (1993),Comedy
4,450,2.0,,With Honors (1994),Comedy|Drama
4,457,5.0,945079259.0,"Fugitive, The (1993)",Thriller
4,475,5.0,945174290.0,In the Name of the Father (1993),Drama
4,492,5.0,945079872.0,Manhattan Murder Mystery (1993),Comedy|Mystery
4,509,1.0,945079106.0,"Piano, The (1993)",Drama|Romance
4,538,5.0,945078636.0,Six Degrees of Separation (1993),Drama
4,539,1.0,964538832.0,Sleepless in Seattle (1993),Comedy|Drama|Romance
4,553,2.0,945079301.0,Tombstone (1993),Action|Drama|Western
4,588,4.0,,Aladdin (1992),Adventure|Animation|Children|Comedy|Musical
4,593,5.0,964539986.0,"Silence of the Lambs, The (1991)",Crime|Horror|Thriller
4,595,3.0,986848609.0,Beauty and the Beast (1991),Animation|Children|Fantasy|Musical|Romance|IMAX
4,599,2.0,945078587.0,"Wild Bunch, The (1969)",Adventure|Western
4,608,5.0,964540008.0,Fargo (1996),Comedy|Crime|Drama|Thriller
4,648,3.0,945079906.0,Mission: Impossible (1996),
4,708,4.0,986935230.0,"Truth About Cats & Dogs, The (1996)",Comedy|Romance
4,759,3.0,,Maya Lin: A Strong Clear Vision (1994),Documentary
4,800,,945079106.0,Lone Star (1996),
4,892,4.0,964622714.0,Twelfth Night (1996),Comedy|Drama|Romance
4,898,5.0,964623347.0,"Philadelphia Story, The (1940)",Comedy|Drama|Romance
4,899,4.0,945079653.0,Singin' in the Rain (1952),Comedy|Musical|Romance
4,902,4.0,945078446.0,Breakfast at Tiffany's (1961),Drama|Romance
4,904,4.0,945079837.0,Rear Window (1954),Mystery|Thriller
4,908,5.0,945173902.0,North by Northwest (1959),
4,910,,945173989.0,Some Like It Hot (1959),Comedy|Crime
4,912,5.0,945173902.0,Casablanca (1942),Drama|Romance
4,914,5.0,945079670.0,My Fair Lady (1964),Comedy|Drama|Musical|Romance
4,919,5.0,945079521.0,"Wizard of Oz, The (1939)",Adventure|Children|Fantasy|Musical
4,920,5.0,945173602.0,Gone with the Wind (1939),Drama|Romance|War
4,930,5.0,964538571.0,Notorious (1946),Film-Noir|Romance|Thriller
4,937,3.0,986849085.0,Love in the Afternoon (1957),Comedy|Romance
4,1025,4.0,945079232.0,"Sword in the Stone, The (1963)",Animation|Children|Fantasy|Musical
4,1046,,945173654.0,Beautiful Thing (1996),Drama|Romance
4,1057,3.0,964540578.0,Everyone Says I Love You (1996),Comedy|Musical|Romance
4,1060,2.0,986934819.0,Swingers (1996),Comedy|Drama
4,1073,4.0,945079483.0,Willy Wonka & the Chocolate Factory (1971),Children|Comedy|Fantasy|Musical
4,1077,5.0,945173692.0,Sleeper (1973),Comedy|Sci-Fi
4,1079,2.0,945078946.0,"Fish Called Wanda, A (1988)",Comedy|Crime
4,1080,5.0,986934696.0,Monty Python's Life of Brian (1979),Comedy
4,1084,,945079259.0,Bonnie and Clyde (1967),Crime|Drama
4,1086,5.0,964539723.0,Dial M for Murder (1954),Crime|Mystery|Thriller
4,1094,3.0,964538500.0,"Crying Game, The (1992)",Drama|Romance|Thriller
4,1103,5.0,964539723.0,Rebel Without a Cause (1955),Drama
4,1136,5.0,986934625.0,Monty Python and the Holy Grail (1975),Adventure|Comedy|Fantasy
4,1179,4.0,964539180.0,"Grifters, The (1990)",Crime|Drama|Film-Noir
4,1183,,964778513.0,"English Patient, The (1996)",Drama|Romance|War
4,1188,5.0,964538500.0,Strictly Ballroom (1992),Comedy|Romance
4,1196,5.0,964538763.0,Star Wars: Episode V - The Empire Strikes Back (1980),Action|Adventure|Sci-Fi
4,1197,5.0,964538763.0,"Princess Bride, The (1987)",Action|Adventure|Comedy|Fantasy|Romance
4,1198,3.0,964538728.0,Raiders of the Lost Ark (Indiana Jones and the Raiders of the Lost Ark) (1981),Action|Adventure
4,1199,2.0,945078967.0,Brazil (1985),Fantasy|Sci-Fi
4,1203,5.0,945174025.0,12 Angry Men (1957),Drama
4,1211,1.0,964539205.0,"Wings of Desire (Himmel über Berlin, Der) (1987)",Drama|Fantasy|Romance
4,1213,4.0,945079729.0,Goodfellas (1990),Crime|Drama
4,1219,,964539961.0,Psycho (1960),Crime|Horror
4,1225,4.0,964539326.0,Amadeus (1984),Drama
4,1250,5.0,945174008.0,"Bridge on the River Kwai, The (1957)",Adventure|Drama|War
4,1259,4.0,964538728.0,Stand by Me (1986),Adventure|Drama
4,1265,4.0,964622684.0,Groundhog Day (1993),Comedy|Fantasy|Romance
4,1266,4.0,986849037.0,Unforgiven (1992),Drama|Western
4,1279,2.0,986934832.0,Night on Earth (1991),Comedy|Drama
4,1282,5.0,945079653.0,Fantasia (1940),Animation|Children|Fantasy|Musical
4,1283,5.0,945078690.0,High Noon (1952),Drama|Western
4,1288,4.0,945079653.0,This Is Spinal Tap (1984),Comedy
4,1291,4.0,964538763.0,Indiana Jones and the Last Crusade (1989),Action|Adventure
4,1304,3.0,945078467.0,Butch Cassidy and the Sundance Kid (1969),Action|Western
4,1391,1.0,945173766.0,Mars Attacks! (1996),Action|Comedy|Sci-Fi
4,1449,5.0,945079767.0,Waiting for Guffman (1996),Comedy
4,1466,4.0,945173492.0,Donnie Brasco (1997),Crime|Drama
4,1500,4.0,964622830.0,Grosse Pointe Blank (1997),Comedy|Crime|Romance
4,1517,4.0,945079790.0,Austin Powers: International Man of Mystery (1997),Action|Adventure|Comedy
4,1580,3.0,986935244.0,Men in Black (a.k.a. MIB) (1997),Action|Comedy|Sci-Fi
4,1597,1.0,,Conspiracy Theory (1997),Drama|Mystery|Romance|Thriller
4,1617,2.0,945079837.0,L.A. Confidential (1997),Crime|Film-Noir|Mystery|Thriller
4,1641,4.0,964622758.0,"Full Monty, The (1997)",Comedy|Drama
4,1704,1.0,945629015.0,Good Will Hunting (1997),Drama|Romance
4,1719,4.0,945079956.0,"Sweet Hereafter, The (1997)",Drama
4,1732,4.0,945079889.0,"Big Lebowski, The (1998)",Comedy|Crime
4,1733,5.0,945079143.0,Afterglow (1997),Drama|Romance
4,1734,3.0,964539357.0,My Life in Pink (Ma vie en rose) (1997),Comedy|Drama
4,1834,5.0,,"Spanish Prisoner, The (1997)",Crime|Drama|Mystery|Thriller
4,1860,2.0,,Character (Karakter) (1997),
4,1883,4.0,964622642.0,Bulworth (1998),Comedy|Drama|Romance
4,1885,3.0,964622617.0,"Opposite of Sex, The (1998)",Comedy|Drama|Romance
4,1892,2.0,964539431.0,"Perfect Murder, A (1998)",Thriller
4,1895,4.0,945629179.0,Can't Hardly Wait (1998),Comedy|Drama|Romance
4,1907,3.0,964540505.0,Mulan (1998),Adventure|Animation|Children|Comedy|Drama|Musical|Romance
4,1914,4.0,964622714.0,Smoke Signals (1998),Comedy|Drama
4,1916,1.0,986934786.0,Buffalo '66 (a.k.a. Buffalo 66) (1998),Drama|Romance
4,1923,3.0,986934870.0,There's Something About Mary (1998),Comedy|Romance
4,1947,5.0,945079653.0,West Side Story (1961),Drama|Musical|Romance
4,1966,2.0,964622684.0,Metropolitan (1990),Comedy
4,1967,5.0,945078967.0,Labyrinth (1986),Adventure|Fantasy|Musical
4,1968,4.0,986934786.0,"Breakfast Club, The (1985)",
4,2019,2.0,945078690.0,Seven Samurai (Shichinin no samurai) (1954),Action|Adventure|Drama
4,2076,4.0,945079052.0,Blue Velvet (1986),Drama|Mystery|Thriller
4,2078,5.0,945079521.0,"Jungle Book, The (1967)",Animation|Children|Comedy|Musical
4,2109,4.0,986935016.0,"Jerk, The (1979)",Comedy
4,2145,3.0,986935328.0,Pretty in Pink (1986),Comedy|Drama|Romance
4,2150,5.0,986934738.0,"Gods Must Be Crazy, The (1980)",Adventure|Comedy
4,2174,5.0,964539855.0,Beetlejuice (1988),Comedy|Fantasy
4,2186,5.0,945174008.0,Strangers on a Train (1951),Crime|Drama|Film-Noir|Thriller
4,2203,4.0,945079729.0,Shadow of a Doubt (1943),
4,2204,5.0,964540008.0,Saboteur (1942),Mystery|Thriller
4,2282,1.0,945629238.0,Pecker (1998),Comedy|Drama
4,2324,1.0,964622590.0,Life Is Beautiful (La Vita è bella) (1997),Comedy|Drama|Romance|War
4,2336,2.0,964538964.0,Elizabeth (1998),Drama
4,2351,4.0,945078467.0,"Nights of Cabiria (Notti di Cabiria, Le) (1957)",Drama
4,2359,4.0,964622590.0,Waking Ned Devine (a.k.a. Waking Ned) (1998),Comedy
4,2390,5.0,945079164.0,Little Voice (1998),Comedy
4,2395,3.0,964623306.0,Rushmore (1998),Comedy|Drama
4,2406,4.0,986935302.0,Romancing the Stone (1984),
4,2467,4.0,945079858.0,"Name of the Rose, The (Name der Rose, Der) (1986)",Crime|Drama|Mystery|Thriller
4,2571,1.0,945173385.0,"Matrix, The (1999)",Action|Sci-Fi|Thriller
4,2583,5.0,945078863.0,Cookie's Fortune (1999),Comedy|Drama
4,2599,5.0,964622684.0,Election (1999),Comedy
4,2628,1.0,986848894.0,Star Wars: Episode I - The Phantom Menace (1999),Action|Adventure|Sci-Fi
4,2683,4.0,945079790.0,Austin Powers: The Spy Who Shagged Me (1999),Action|Adventure|Comedy
4,2692,5.0,945079013.0,Run Lola Run (Lola rennt) (1998),Action|Crime
4,2712,2.0,945078542.0,Eyes Wide Shut (1999),Drama|Mystery|Thriller
4,2762,4.0,964539986.0,"Sixth Sense, The (1999)",Drama|Horror|Mystery
4,2763,,964778621.0,"Thomas Crown Affair, The (1999)",Action|Mystery
4,2770,2.0,945173553.0,Bowfinger (1999),Comedy
4,2791,5.0,964539628.0,Airplane! (1980),Comedy
4,2843,5.0,945078814.0,"Black Cat, White Cat (Crna macka, beli macor) (1998)",
4,2858,5.0,964539140.0,American Beauty (1999),Drama|Romance
4,2874,4.0,986935016.0,"Pajama Game, The (1957)",Comedy|Musical|Romance
4,2921,4.0,945078708.0,High Plains Drifter (1973),Western
4,2926,5.0,986934870.0,Hairspray (1988),Comedy|Drama
4,2959,2.0,945078528.0,Fight Club (1999),Action|Crime|Drama|Thriller
4,2973,2.0,945078946.0,Crimes and Misdemeanors (1989),Comedy|Crime|Drama
4,2997,4.0,986848610.0,Being John Malkovich (1999),Comedy|Drama|Fantasy
4,3033,4.0,986936200.0,Spaceballs (1987),Comedy|Sci-Fi
4,3044,5.0,945079920.0,Dead Again (1991),
4,3060,4.0,986934884.0,"Commitments, The (1991)",Comedy|Drama|Musical
4,3079,3.0,964778197.0,Mansfield Park (1999),Comedy|Drama|Romance
4,3083,5.0,964622487.0,All About My Mother (Todo sobre mi madre) (1999),Drama
4,3160,4.0,964539121.0,Magnolia (1999),Drama
4,3175,1.0,964538930.0,Galaxy Quest (1999),Adventure|Comedy|Sci-Fi
4,3176,4.0,964539771.0,"Talented Mr. Ripley, The (1999)",Drama|Mystery|Thriller
4,3204,4.0,964539828.0,"Boys from Brazil, The (1978)",Action|Mystery|Thriller
4,3255,4.0,964623306.0,"League of Their Own, A (1992)",Comedy|Drama
4,3317,4.0,986934498.0,Wonder Boys (2000),Comedy|Drama
4,3358,3.0,964622758.0,Defending Your Life (1991),Comedy|Drama|Fantasy|Romance
4,3365,5.0,964538329.0,"Searchers, The (1956)",Drama|Western
4,3386,4.0,964539395.0,JFK (1991),Drama|Mystery|Thriller
4,3408,4.0,986849238.0,Erin Brockovich (2000),
4,3481,2.0,964538243.0,High Fidelity (2000),Comedy|Drama|Romance
4,3489,1.0,986848908.0,Hook (1991),Adventure|Comedy|Fantasy
4,3508,,964538351.0,"Outlaw Josey Wales, The (1976)",Action|Adventure|Drama|Thriller|Western
4,3538,2.0,986849212.0,East is East (1999),Comedy
4,3591,1.0,986935199.0,Mr. Mom (1983),Comedy|Drama
4,3788,3.0,964539085.0,Blow-Up (Blowup) (1966),Drama|Mystery
4,3809,3.0,986936207.0,What About Bob? (1991),Comedy
4,3851,5.0,986849180.0,I'm the One That I Want (2000),
4,3897,4.0,986934465.0,Almost Famous (2000),Drama
4,3911,3.0,986849149.0,Best in Show (2000),Comedy
4,3967,4.0,986849164.0,Billy Elliot (2000),Drama
4,3996,4.0,986849130.0,"Crouching Tiger, Hidden Dragon (Wo hu cang long) (2000)",Action|Drama|Romance
4,4002,3.0,986934819.0,"Planes, Trains & Automobiles (1987)",Comedy
4,4014,1.0,986849254.0,Chocolat (2000),Drama|Romance
4,4020,3.0,986848856.0,"Gift, The (2000)",Thriller
4,4021,4.0,986849180.0,Before Night Falls (2000),Drama
4,4027,3.0,986849201.0,"O Brother, Where Art Thou? (2000)",Adventure|Comedy|Crime
4,4029,3.0,986849226.0,State and Main (2000),Comedy|Drama
4,4033,4.0,986849149.0,Thirteen Days (2000),Drama|Thriller|War
4,4034,5.0,986848753.0,Traffic (2000),Crime|Drama|Thriller
4,4074,3.0,986848665.0,"Legend of Rita, The (Stille nach dem Schuß, Die) (1999)",Drama
4,4121,4.0,986934901.0,Innerspace (1987),Action|Adventure|Comedy|Sci-Fi
4,4144,3.0,986848685.0,In the Mood For Love (Fa yeung nin wa) (2000),Drama|Romance
4,4166,3.0,986848700.0,Series 7: The Contenders (2001),Action|Drama
4,4226,2.0,1007569424.0,Memento (2000),Mystery|Thriller
4,4239,5.0,,Blow (2001),Crime|Drama
4,4246,4.0,,Bridget Jones's Diary (2001),Comedy|Drama|Romance
4,4252,3.0,1007569465.0,"Circle, The (Dayereh) (2000)",Drama
4,4260,2.0,1007569424.0,"Visit, The (2000)",Drama
4,4273,4.0,1007574470.0,Under the Sand (2000),Drama
4,4308,1.0,1007569465.0,Moulin Rouge (2001),Drama|Musical|Romance
4,4347,,1007569586.0,Divided We Fall (Musíme si pomáhat) (2000),Comedy|Drama
4,4381,3.0,1007574509.0,"Closet, The (Placard, Le) (2001)",Comedy
4,4641,1.0,1007569586.0,Ghost World (2001),Comedy|Drama
4,4741,3.0,1007574532.0,Together (Tillsammans) (2000),Comedy|Drama|Romance
4,4765,5.0,1007569445.0,L.I.E. (2001),Drama
4,4881,3.0,1007569445.0,"Man Who Wasn't There, The (2001)",
4,4896,4.0,1007574532.0,Harry Potter and the Sorcerer's Stone (a.k.a. Harry Potter and the Philosopher's Stone) (2001),Adventure|Children|Fantasy
4,4902,4.0,1007569465.0,"Devil's Backbone, The (Espinazo del diablo, El) (2001)",Drama|Fantasy|Horror|Thriller|War
4,4967,5.0,1007569424.0,No Man's Land (2001),Drama|War
5,1,4.0,847434962.0,Toy Story (1995),Adventure|Animation|Children|Comedy|Fantasy
5,21,4.0,847435238.0,Get Shorty (1995),Comedy|Crime|Thriller
5,34,4.0,847434881.0,Babe (1995),Children|Drama
5,36,4.0,847435292.0,Dead Man Walking (1995),Crime|Drama
5,39,3.0,847434961.0,Clueless (1995),Comedy|Romance
5,50,4.0,847434881.0,"Usual Suspects, The (1995)",Crime|Mystery|Thriller
5,58,5.0,847435238.0,"Postman, The (Postino, Il) (1994)",Comedy|Drama|Romance
5,110,4.0,847434880.0,Braveheart (1995),Action|Drama|War
5,150,3.0,847434748.0,Apollo 13 (1995),Adventure|Drama|IMAX
5,153,3.0,847434802.0,Batman Forever (1995),Action|Adventure|Comedy|Crime
5,232,4.0,847435292.0,Eat Drink Man Woman (Yin shi nan nu) (1994),Comedy|Drama|Romance
5,247,5.0,,Heavenly Creatures (1994),Crime|Drama
5,253,3.0,847435292.0,Interview with the Vampire: The Vampire Chronicles (1994),Drama|Horror
5,261,4.0,847435238.0,Little Women (1994),Drama
5,265,3.0,847435129.0,Like Water for Chocolate (Como agua para chocolate) (1992),Drama|Fantasy|Romance
5,266,1.0,847435311.0,Legends of the Fall (1994),Drama|Romance|War|Western
5,290,5.0,847435311.0,Once Were Warriors (1994),Crime|Drama
5,296,5.0,847434748.0,Pulp Fiction (1994),Comedy|Crime|Drama|Thriller
5,300,3.0,847435337.0,Quiz Show (1994),Drama
5,316,2.0,847434832.0,Stargate (1994),Action|Adventure|Sci-Fi
5,318,3.0,847434880.0,"Shawshank Redemption, The (1994)",Crime|Drama
5,344,3.0,847434802.0,Ace Ventura: Pet Detective (1994),Comedy
5,349,3.0,847434832.0,Clear and Present Danger (1994),Action|Crime|Drama|Thriller
5,357,2.0,847435238.0,Four Weddings and a Funeral (1994),Comedy|Romance
5,364,3.0,847434882.0,"Lion King, The (1994)",Adventure|Animation|Children|Drama|Musical|IMAX
5,367,4.0,847435129.0,"Mask, The (1994)",Action|Comedy|Crime|Fantasy
5,380,2.0,847434748.0,True Lies (1994),Action|Adventure|Comedy|Romance|Thriller
5,410,3.0,847435292.0,Addams Family Values (1993),Children|Comedy|Fantasy
5,457,4.0,847434801.0,"Fugitive, The (1993)",Thriller
5,474,4.0,847435337.0,In the Line of Fire (1993),Action|Thriller
5,475,5.0,847435311.0,In the Name of the Father (1993),Drama
5,515,3.0,847435129.0,"Remains of the Day, The (1993)",
5,527,5.0,847434960.0,Schindler's List (1993),Drama|War
5,531,4.0,847435258.0,"Secret Garden, The (1993)",Children|Drama
5,534,3.0,847435311.0,Shadowlands (1993),Drama|Romance
5,588,4.0,847434801.0,Aladdin (1992),Adventure|Animation|Children|Comedy|Musical
5,589,3.0,847435258.0,Terminator 2: Judgment Day (1991),Action|Sci-Fi
5,590,5.0,847434747.0,Dances with Wolves (1990),Adventure|Drama|Western
5,592,3.0,847434747.0,Batman (1989),Action|Crime|Thriller
5,594,5.0,847435238.0,Snow White and the Seven Dwarfs (1937),Animation|Children|Drama|Fantasy|Musical
5,595,5.0,847434832.0,Beauty and the Beast (1991),Animation|Children|Fantasy|Musical|Romance|IMAX
5,596,5.0,847435292.0,Pinocchio (1940),Animation|Children|Fantasy|Musical
5,597,3.0,847434962.0,Pretty Woman (1990),Comedy|Romance
5,608,3.0,847435258.0,Fargo (1996),Comedy|Crime|Drama|Thriller
6,2,4.0,845553522.0,Jumanji (1995),Adventure|Children|Fantasy
6,3,5.0,845554296.0,Grumpier Old Men (1995),Comedy|Romance
6,4,3.0,845554349.0,Waiting to Exhale (1995),Comedy|Drama|Romance
6,5,5.0,845553938.0,Father of the Bride Part II (1995),Comedy
6,6,4.0,845553757.0,Heat (1995),Action|Crime|Thriller
6,7,4.0,845554264.0,Sabrina (1995),Comedy|Romance
6,8,3.0,845555281.0,Tom and Huck (1995),Adventure|Children
6,10,3.0,845553253.0,GoldenEye (1995),Action|Adventure|Thriller
6,11,4.0,845553489.0,"American President, The (1995)",Comedy|Drama|Romance
6,13,3.0,845555588.0,Balto (1995),Adventure|Animation|Children
6,15,4.0,845554505.0,Cutthroat Island (1995),Action|Adventure|Romance
6,16,4.0,845553819.0,Casino (1995),Crime|Drama
6,17,,845553559.0,Sense and Sensibility (1995),Drama|Romance
6,19,2.0,845553382.0,Ace Ventura: When Nature Calls (1995),Comedy
6,21,2.0,845553382.0,Get Shorty (1995),Comedy|Crime|Thriller
6,22,5.0,845553875.0,Copycat (1995),
6,24,4.0,845554397.0,Powder (1995),Drama|Sci-Fi
6,25,3.0,845553695.0,Leaving Las Vegas (1995),Drama|Romance
6,26,4.0,845555362.0,Othello (1995),Drama
6,27,3.0,845555402.0,Now and Then (1995),Children|Drama
6,31,3.0,845553819.0,Dangerous Minds (1995),Drama
6,32,4.0,845553426.0,Twelve Monkeys (a.k.a. 12 Monkeys) (1995),Mystery|Sci-Fi|Thriller
6,34,4.0,845553354.0,Babe (1995),Children|Drama
6,36,5.0,845553726.0,Dead Man Walking (1995),Crime|Drama
6,41,,845554962.0,Richard III (1995),Drama|War
6,43,,845555607.0,Restoration (1995),Drama
6,45,3.0,845553907.0,To Die For (1995),Comedy|Drama|Thriller
6,46,4.0,845554551.0,How to Make an American Quilt (1995),Drama|Romance
6,47,4.0,845553317.0,Seven (a.k.a. Se7en) (1995),Mystery|Thriller
6,50,1.0,845553381.0,"Usual Suspects, The (1995)",Crime|Mystery|Thriller
6,54,4.0,845555402.0,"Big Green, The (1995)",Children|Comedy
6,60,4.0,845554263.0,"Indian in the Cupboard, The (1995)",Adventure|Children|Fantasy
6,61,4.0,845555454.0,Eye for an Eye (1996),Drama|Thriller
6,62,4.0,845553660.0,Mr. Holland's Opus (1995),Drama
6,65,3.0,845555070.0,Bio-Dome (1996),Comedy
6,66,3.0,845555151.0,Lawnmower Man 2: Beyond Cyberspace (1996),Action|Sci-Fi|Thriller
6,76,4.0,845555317.0,Screamers (1995),Action|Sci-Fi|Thriller
6,79,3.0,845554907.0,"Juror, The (1996)",Drama|Thriller
6,86,5.0,,White Squall (1996),Action|Adventure|Drama
6,87,3.0,,Dunston Checks In (1996),Children|Comedy
6,88,2.0,845555694.0,Black Sheep (1996),Comedy
6,89,4.0,845555124.0,Nick of Time (1995),Action|Thriller
6,92,4.0,845555454.0,Mary Reilly (1996),Drama|Horror|Thriller
6,93,4.0,845554584.0,Vampire in Brooklyn (1995),Comedy|Horror|Romance
6,95,4.0,845553559.0,Broken Arrow (1996),Action|Adventure|Thriller
6,100,3.0,,City Hall (1996),Drama|Thriller
6,102,1.0,845555436.0,Mr. Wrong (1996),Comedy
6,104,4.0,845554349.0,Happy Gilmore (1996),Comedy
6,105,3.0,845553757.0,"Bridges of Madison County, The (1995)",Drama|Romance
6,110,,845553283.0,Braveheart (1995),Action|Drama|War
6,112,4.0,845553994.0,Rumble in the Bronx (Hont faan kui) (1995),Action|Adventure|Comedy|Crime
6,113,3.0,845556257.0,Before and After (1996),Drama|Mystery
6,126,3.0,845555342.0,"NeverEnding Story III, The (1994)",Adventure|Children|Fantasy
6,135,3.0,845554987.0,Down Periscope (1996),Comedy
6,140,3.0,845555024.0,Up Close and Personal (1996),Drama|Romance
6,141,4.0,845553586.0,"Birdcage, The (1996)",Comedy
6,145,4.0,,Bad Boys (1995),Action|Comedy|Crime|Drama|Thriller
6,146,4.0,845555607.0,"Amazing Panda Adventure, The (1995)",Adventure|Children
6,150,4.0,845553110.0,Apollo 13 (1995),Adventure|Drama|IMAX
6,151,4.0,845553586.0,Rob Roy (1995),Action|Drama|Romance|War
6,153,3.0,845553146.0,Batman Forever (1995),Action|Adventure|Comedy|Crime
6,158,4.0,845553660.0,Casper (1995),Adventure|Children
6,159,3.0,845555006.0,Clockers (1995),
6,160,5.0,845553457.0,Congo (1995),Action|Adventure|Mystery|Sci-Fi
6,161,3.0,845553253.0,Crimson Tide (1995),Drama|Thriller|War
6,163,3.0,845553907.0,Desperado (1995),Action|Romance|Western
6,165,3.0,845553146.0,Die Hard: With a Vengeance (1995),Action|Crime|Thriller
6,168,5.0,845553695.0,First Knight (1995),Action|Drama|Romance
6,170,,845554263.0,Hackers (1995),Action|Adventure|Crime|Thriller
6,171,3.0,845555402.0,Jeffrey (1995),Comedy|Drama
6,174,3.0,845554479.0,Jury Duty (1995),Comedy
6,177,3.0,845554931.0,Lord of Illusions (1995),Horror
6,179,1.0,845555362.0,Mad Love (1995),Drama|Romance
6,180,2.0,,Mallrats (1995),Comedy|Romance
6,181,3.0,845553938.0,Mighty Morphin Power Rangers: The Movie (1995),Action|Children
6,185,3.0,845553283.0,"Net, The (1995)",Action|Crime|Thriller
6,186,3.0,845553619.0,Nine Months (1995),Comedy|Romance
6,189,3.0,845556241.0,Reckless (1995),Comedy|Fantasy
6,191,2.0,845554931.0,"Scarlet Letter, The (1995)",Drama|Romance
6,195,4.0,845554455.0,Something to Talk About (1995),Comedy|Drama|Romance
6,196,3.0,845553586.0,Species (1995),Horror|Sci-Fi
6,201,3.0,845556290.0,Three Wishes (1995),Drama|Fantasy
6,204,3.0,845553619.0,Under Siege 2: Dark Territory (1995),Action
6,205,3.0,845555477.0,Unstrung Heroes (1995),Comedy|Drama
6,207,4.0,845554024.0,"Walk in the Clouds, A (1995)",Drama|Romance
6,208,3.0,845553253.0,Waterworld (1995),Action|Adventure|Sci-Fi
6,209,3.0,845556106.0,White Man's Burden (1995),Drama
6,210,4.0,845556310.0,Wild Bill (1995),Western
6,212,4.0,845556181.0,Bushwhacked (1995),Adventure|Comedy|Crime|Mystery
6,216,4.0,845554099.0,Billy Madison (1995),Comedy
6,217,3.0,845555382.0,"Babysitter, The (1995)",Drama|Thriller
6,218,,845553994.0,Boys on the Side (1995),Comedy|Drama
6,219,3.0,845556131.0,"Cure, The (1995)",Drama
6,222,4.0,845554024.0,Circle of Friends (1995),Drama|Romance
6,224,3.0,845553794.0,Don Juan DeMarco (1995),Comedy|Drama|Romance
6,225,4.0,845553381.0,Disclosure (1994),Drama|Thriller
6,230,5.0,845553966.0,Dolores Claiborne (1995),Drama|Thriller
6,231,3.0,,Dumb & Dumber (Dumb and Dumber) (1994),Adventure|Comedy
6,234,2.0,845554176.0,Exit to Eden (1994),Comedy
6,236,4.0,845553559.0,French Kiss (1995),Action|Comedy|Romance
6,237,4.0,845553875.0,Forget Paris (1995),Comedy|Romance
6,239,3.0,845554987.0,"Goofy Movie, A (1995)",Animation|Children|Comedy|Romance
6,240,3.0,845555571.0,Hideaway (1995),Thriller
6,243,3.0,845555588.0,Gordy (1995),Children|Comedy|Fantasy
6,248,5.0,845554263.0,Houseguest (1994),Comedy
6,250,4.0,845555588.0,Heavyweights (Heavy Weights) (1995),Children|Comedy
6,251,3.0,845556257.0,"Hunted, The (1995)",Action
6,252,4.0,845553619.0,I.Q. (1994),Comedy|Romance
6,253,3.0,845553283.0,Interview with the Vampire: The Vampire Chronicles (1994),Drama|Horror
6,254,3.0,845555655.0,Jefferson in Paris (1995),Drama
6,256,3.0,845553726.0,Junior (1994),Comedy|Sci-Fi
6,257,5.0,845554176.0,Just Cause (1995),Mystery|Thriller
6,258,3.0,845555172.0,"Kid in King Arthur's Court, A (1995)",Adventure|Children|Comedy|Fantasy|Romance
6,261,4.0,845553695.0,Little Women (1994),Drama
6,262,,845554551.0,"Little Princess, A (1995)",Children|Drama
6,265,3.0,845553726.0,Like Water for Chocolate (Como agua para chocolate) (1992),Drama|Fantasy|Romance
6,266,,845553457.0,Legends of the Fall (1994),Drama|Romance|War|Western
6,267,3.0,845554376.0,Major Payne (1995),Comedy
6,270,,845555172.0,Love Affair (1994),Drama|Romance
6,271,4.0,845555249.0,Losing Isaiah (1995),Drama
6,273,3.0,845553875.0,Mary Shelley's Frankenstein (Frankenstein) (1994),Drama|Horror|Sci-Fi
6,274,4.0,845555151.0,Man of the House (1995),Comedy
6,276,4.0,845553907.0,Milk Money (1994),Comedy|Romance
6,277,5.0,845553844.0,Miracle on 34th Street (1994),Drama
6,279,3.0,845555436.0,My Family (1995),Drama
6,281,4.0,845554320.0,Nobody's Fool (1994),Comedy|Drama|Romance
6,282,3.0,845553522.0,Nell (1994),Drama
6,288,2.0,845553283.0,Natural Born Killers (1994),Action|Crime|Thriller
6,289,3.0,845554455.0,Only You (1994),Comedy|Romance
6,291,3.0,845555571.0,Poison Ivy II (1996),Drama|Thriller
6,292,4.0,845553253.0,Outbreak (1995),Action|Drama|Sci-Fi|Thriller
6,293,3.0,845553660.0,Léon: The Professional (a.k.a. The Professional) (Léon) (1994),Action|Crime|Drama|Thriller
6,296,2.0,845553110.0,Pulp Fiction (1994),Comedy|Crime|Drama|Thriller
6,302,3.0,845555436.0,"Queen Margot (Reine Margot, La) (1994)",Drama|Romance
6,303,3.0,845554099.0,"Quick and the Dead, The (1995)",Action|Thriller|Western
6,304,4.0,845555546.0,Roommates (1995),Comedy|Drama
6,310,3.0,845556119.0,Rent-a-Kid (1995),Comedy
6,312,1.0,845555151.0,Stuart Saves His Family (1995),
6,313,3.0,845555546.0,"Swan Princess, The (1994)",Animation|Children
6,314,5.0,845554603.0,"Secret of Roan Inish, The (1994)",Children|Drama|Fantasy|Mystery
6,315,4.0,845553522.0,"Specialist, The (1994)",Action|Drama|Thriller
6,316,5.0,845553174.0,Stargate (1994),Action|Adventure|Sci-Fi
6,317,4.0,845553457.0,"Santa Clause, The (1994)",Comedy|Drama|Fantasy
6,318,5.0,845553200.0,"Shawshank Redemption, The (1994)",
6,327,1.0,845554062.0,Tank Girl (1995),Action|Comedy|Sci-Fi
6,329,4.0,845553200.0,Star Trek: Generations (1994),Adventure|Drama|Sci-Fi
6,330,3.0,845555071.0,Tales from the Hood (1995),Action|Crime|Horror
6,332,3.0,845555046.0,Village of the Damned (1995),Horror|Sci-Fi
6,333,5.0,845553757.0,Tommy Boy (1995),Comedy
6,336,3.0,845556223.0,"Walking Dead, The (1995)",Drama|War
6,337,5.0,845553586.0,What's Eating Gilbert Grape (1993),Drama
6,339,4.0,845553253.0,While You Were Sleeping (1995),Comedy|Romance
6,340,4.0,845555265.0,"War, The (1994)",Adventure|Drama|War
6,342,3.0,845553938.0,Muriel's Wedding (1994),Comedy
6,343,3.0,845555172.0,"Baby-Sitters Club, The (1995)",Children
6,344,3.0,845553146.0,Ace Ventura: Pet Detective (1994),Comedy
6,347,3.0,845555300.0,Bitter Moon (1992),Drama|Film-Noir|Romance
6,348,3.0,845553938.0,Bullets Over Broadway (1994),Comedy
6,349,5.0,845553146.0,Clear and Present Danger (1994),Action|Crime|Drama|Thriller
6,350,5.0,845553489.0,"Client, The (1994)",Drama|Mystery|Thriller
6,351,4.0,845554455.0,"Corrina, Corrina (1994)",Comedy|Drama|Romance
6,352,3.0,845555382.0,Crooklyn (1994),Comedy|Drama
6,353,4.0,845553726.0,"Crow, The (1994)",Action|Crime|Fantasy|Thriller
6,354,4.0,845555402.0,Cobb (1994),Drama
6,355,4.0,845553819.0,"Flintstones, The (1994)",Children|Comedy|Fantasy
6,356,5.0,845553200.0,Forrest Gump (1994),Comedy|Drama|Romance|War
6,357,3.0,845553457.0,Four Weddings and a Funeral (1994),Comedy|Romance
6,358,3.0,845555265.0,Higher Learning (1995),Drama
6,359,3.0,845556412.0,I Like It Like That (1994),Comedy|Drama|Romance
6,360,3.0,845555094.0,I Love Trouble (1994),Action|Comedy
6,361,4.0,845554376.0,It Could Happen to You (1994),Comedy|Drama|Romance
6,362,3.0,845553994.0,"Jungle Book, The (1994)",Adventure|Children|Romance
6,364,5.0,845553317.0,"Lion King, The (1994)",Adventure|Animation|Children|Drama|Musical|IMAX
6,366,3.0,845554962.0,"Wes Craven's New Nightmare (Nightmare on Elm Street Part 7: Freddy's Finale, A) (1994)",Drama|Horror|Mystery|Thriller
6,367,4.0,845553317.0,"Mask, The (1994)",Action|Comedy|Crime|Fantasy
6,368,5.0,845553726.0,Maverick (1994),Adventure|Comedy|Western
6,370,4.0,845553794.0,Naked Gun 33 1/3: The Final Insult (1994),Action|Comedy
6,371,3.0,845554141.0,"Paper, The (1994)",Comedy|Drama
6,374,3.0,845554296.0,Richie Rich (1994),Children|Comedy
6,377,5.0,845553317.0,Speed (1994),Action|Romance|Thriller
6,378,3.0,845554987.0,Speechless (1994),Comedy|Romance
6,380,4.0,845553110.0,True Lies (1994),Action|Adventure|Comedy|Romance|Thriller
6,381,3.0,845553994.0,When a Man Loves a Woman (1994),Drama|Romance
6,382,3.0,845554397.0,Wolf (1994),Drama|Horror|Romance|Thriller
6,383,3.0,845554320.0,Wyatt Earp (1994),Western
6,405,3.0,845554603.0,Highlander III: The Sorcerer (a.k.a. Highlander: The Final Dimension) (1994),Action|Fantasy
6,410,,845553354.0,Addams Family Values (1993),Children|Comedy|Fantasy
6,412,3.0,845554505.0,"Age of Innocence, The (1993)",Drama
6,415,4.0,845554420.0,Another Stakeout (1993),Comedy|Thriller
6,416,3.0,845554962.0,Bad Girls (1994),Western
6,419,3.0,845554224.0,"Beverly Hillbillies, The (1993)",Comedy
6,426,3.0,,Body Snatchers (1993),
6,432,5.0,845553489.0,City Slickers II: The Legend of Curly's Gold (1994),Adventure|Comedy|Western
6,434,4.0,845553200.0,Cliffhanger (1993),Action|Adventure|Thriller
6,435,3.0,,Coneheads (1993),Comedy|Sci-Fi
6,437,,,Cops and Robbersons (1994),
6,440,4.0,845553457.0,Dave (1993),Comedy|Romance
6,445,3.0,845555124.0,Fatal Instinct (1993),Comedy
6,450,4.0,845555024.0,With Honors (1994),Comedy|Drama
6,454,4.0,845553283.0,"Firm, The (1993)",Drama|Thriller
6,455,3.0,845554062.0,Free Willy (1993),Adventure|Children|Drama
6,457,5.0,845553174.0,"Fugitive, The (1993)",Thriller
6,458,3.0,845555546.0,Geronimo: An American Legend (1993),Drama|Western
6,460,3.0,845555281.0,Getting Even with Dad (1994),Comedy
6,466,2.0,845553844.0,Hot Shots! Part Deux (1993),
6,468,4.0,845553907.0,"Englishman Who Went Up a Hill But Came Down a Mountain, The (1995)",Comedy|Romance
6,469,4.0,845555477.0,"House of the Spirits, The (1993)",Drama|Romance
6,472,3.0,845555632.0,I'll Do Anything (1994),Comedy|Drama
6,474,4.0,845553522.0,In the Line of Fire (1993),Action|Thriller
6,475,4.0,845554099.0,In the Name of the Father (1993),Drama
6,477,4.0,845554141.0,What's Love Got to Do with It? (1993),Drama|Musical
6,480,5.0,845553200.0,Jurassic Park (1993),Action|Adventure|Sci-Fi|Thriller
6,485,3.0,845553794.0,Last Action Hero (1993),Action|Adventure|Comedy|Fantasy
6,489,3.0,845554505.0,Made in America (1993),Comedy
6,490,3.0,845554584.0,Malice (1993),Thriller
6,491,4.0,845554141.0,"Man Without a Face, The (1993)",Drama
6,493,3.0,845555172.0,Menace II Society (1993),Action|Crime|Drama
6,494,3.0,845554176.0,Executive Decision (1996),Action|Adventure|Thriller
6,497,3.0,845553819.0,Much Ado About Nothing (1993),Comedy|Romance
6,500,5.0,845553354.0,Mrs. Doubtfire (1993),Comedy|Drama
6,502,3.0,845554455.0,"Next Karate Kid, The (1994)",Action|Children|Romance
6,505,3.0,845555317.0,North (1994),Comedy
6,508,4.0,845553586.0,Philadelphia (1993),Drama
6,509,3.0,845553522.0,"Piano, The (1993)",Drama|Romance
6,510,3.0,845555546.0,Poetic Justice (1993),Drama
6,515,4.0,845553794.0,"Remains of the Day, The (1993)",Drama|Romance
6,516,4.0,845554908.0,Renaissance Man (1994),Comedy|Drama
6,520,,845553844.0,Robin Hood: Men in Tights (1993),Comedy
6,524,3.0,845554479.0,Rudy (1993),Drama
6,527,3.0,845553426.0,Schindler's List (1993),Drama|War
6,531,3.0,845554296.0,"Secret Garden, The (1993)",Children|Drama
6,532,3.0,845554224.0,Serial Mom (1994),Comedy|Crime|Horror
6,536,,845556181.0,"Simple Twist of Fate, A (1994)",
6,537,3.0,,Sirens (1994),Drama
6,539,3.0,845553426.0,Sleepless in Seattle (1993),Comedy|Drama|Romance
6,540,3.0,845554099.0,Sliver (1993),Thriller
6,542,4.0,845554524.0,Son in Law (1993),Comedy|Drama|Romance
6,543,3.0,845554099.0,So I Married an Axe Murderer (1993),Comedy|Romance|Thriller
6,546,2.0,845554349.0,Super Mario Bros. (1993),Action|Adventure|Children|Comedy|Fantasy|Sci-Fi
6,548,3.0,845554908.0,Terminal Velocity (1994),Action|Mystery|Thriller
6,552,3.0,845553875.0,"Three Musketeers, The (1993)",Action|Adventure|Comedy|Romance
6,553,5.0,845553559.0,Tombstone (1993),Action|Drama|Western
6,569,4.0,845555342.0,Little Big League (1994),Comedy|Drama
6,575,3.0,845555070.0,"Little Rascals, The (1994)",Children|Comedy
6,587,5.0,845553381.0,Ghost (1990),Comedy|Drama|Fantasy|Romance|Thriller
6,588,5.0,845553146.0,Aladdin (1992),Adventure|Animation|Children|Comedy|Musical
6,589,3.0,,Terminator 2: Judgment Day (1991),Action|Sci-Fi
6,590,5.0,,Dances with Wolves (1990),Adventure|Drama|Western
6,592,3.0,845553109.0,Batman (1989),Action|Crime|Thriller
6,593,4.0,845553174.0,"Silence of the Lambs, The (1991)",Crime|Horror|Thriller
6,594,4.0,845553819.0,Snow White and the Seven Dwarfs (1937),Animation|Children|Drama|Fantasy|Musical
6,595,5.0,845553174.0,Beauty and the Beast (1991),Animation|Children|Fantasy|Musical|Romance|IMAX
6,596,3.0,,Pinocchio (1940),
6,597,4.0,845553354.0,Pretty Woman (1990),Comedy|Romance
6,606,3.0,845555024.0,Candyman: Farewell to the Flesh (1995),Fantasy|Horror
6,608,3.0,845553844.0,Fargo (1996),Comedy|Crime|Drama|Thriller
6,609,4.0,845555342.0,Homeward Bound II: Lost in San Francisco (1996),Adventure|Children
6,616,5.0,845554062.0,"Aristocats, The (1970)",Animation|Children
6,628,3.0,845555300.0,Primal Fear (1996),Crime|Drama|Mystery|Thriller
6,631,4.0,845555265.0,All Dogs Go to Heaven 2 (1996),Adventure|Animation|Children|Fantasy|Musical|Romance
6,637,4.0,845555046.0,Sgt. Bilko (1996),Comedy
6,640,1.0,845555362.0,Diabolique (1996),Drama|Thriller
6,647,4.0,845555151.0,Courage Under Fire (1996),Action|Crime|Drama|War
6,662,3.0,845556147.0,Fear (1996),Thriller
6,667,,845555342.0,Bloodsport 2 (a.k.a. Bloodsport II: The Next Kumite) (1996),Action
6,694,3.0,845555694.0,"Substitute, The (1996)",Action|Crime|Drama
6,697,3.0,845556378.0,Feeling Minnesota (1996),Drama|Romance
6,700,4.0,845556147.0,Angus (1995),Comedy
6,704,3.0,845555571.0,"Quest, The (1996)",Action|Adventure
6,708,4.0,845554376.0,"Truth About Cats & Dogs, The (1996)",Comedy|Romance
6,709,5.0,845555249.0,Oliver & Company (1988),Adventure|Animation|Children|Comedy|Musical
6,710,3.0,845556223.0,Celtic Pride (1996),Comedy
6,711,4.0,845555317.0,Flipper (1996),Adventure|Children
6,719,2.0,845555694.0,Multiplicity (1996),Comedy
6,736,5.0,845553619.0,Twister (1996),Action|Adventure|Romance|Thriller
6,747,3.0,845555046.0,"Stupids, The (1996)",Comedy
6,762,1.0,845555006.0,Striptease (1996),
6,765,3.0,845555632.0,Jack (1996),Comedy|Drama
6,775,3.0,845556462.0,Spirits of the Dead (1968),Horror|Mystery
6,780,5.0,845556915.0,Independence Day (a.k.a. ID4) (1996),Action|Adventure|Sci-Fi|Thriller
6,783,5.0,845554584.0,"Hunchback of Notre Dame, The (1996)",Animation|Children|Drama|Musical|Romance
6,795,3.0,845556506.0,Somebody to Love (1994),Drama
6,799,3.0,,"Frighteners, The (1996)",Comedy|Horror|Thriller
6,801,3.0,845556194.0,Harriet the Spy (1996),Children|Comedy
6,802,4.0,845554584.0,Phenomenon (1996),Drama|Romance
6,818,3.0,845555514.0,"Very Brady Sequel, A (1996)",Comedy
6,830,5.0,,"First Wives Club, The (1996)",
6,835,4.0,845556194.0,Foxfire (1996),Drama
6,837,3.0,845556241.0,Matilda (1996),Children|Comedy|Fantasy
6,838,4.0,845555514.0,Emma (1996),
6,839,3.0,845556120.0,"Crow: City of Angels, The (1996)",Action|Thriller
6,842,3.0,845555675.0,Tales from the Crypt Presents: Bordello of Blood (1996),Comedy|Horror
6,848,4.0,845556340.0,"Spitfire Grill, The (1996)",Drama
6,852,4.0,845555694.0,Tin Cup (1996),Comedy|Drama|Romance
6,867,3.0,,Carpool (1996),Comedy|Crime
6,880,3.0,845556181.0,"Island of Dr. Moreau, The (1996)",Sci-Fi|Thriller
6,881,3.0,845556340.0,First Kid (1996),Children|Comedy
6,888,,845556448.0,Land Before Time III: The Time of the Great Giving (1995),Adventure|Animation|Children|Musical
6,891,3.0,845556241.0,Halloween: The Curse of Michael Myers (Halloween 6: The Curse of Michael Myers) (1995),Horror|Thriller
6,979,3.0,845556808.0,Nothing Personal (1995),Drama|War
6,981,3.0,845556567.0,Dangerous Ground (1997),Drama
6,986,4.0,845556475.0,Fly Away Home (1996),
6,991,4.0,845556808.0,Michael Collins (1996),Drama
6,996,4.0,,Last Man Standing (1996),Action|Crime|Drama|Thriller
6,999,2.0,845556412.0,2 Days in the Valley (1996),Crime|Film-Noir
6,1004,4.0,845556506.0,"Glimmer Man, The (1996)",Action|Thriller
6,1006,4.0,845556694.0,"Chamber, The (1996)",Drama
6,1042,3.0,845556462.0,That Thing You Do! (1996),Comedy|Drama
6,1049,5.0,845556694.0,"Ghost and the Darkness, The (1996)",Action|Adventure
6,1061,4.0,845556860.0,Sleepers (1996),Thriller
6,1064,4.0,845556579.0,Aladdin and the King of Thieves (1996),Animation|Children|Comedy|Fantasy|Musical|Romance
6,1073,3.0,,Willy Wonka & the Chocolate Factory (1971),Children|Comedy|Fantasy|Musical
6,1082,4.0,845556278.0,"Candidate, The (1972)",
6,1084,3.0,845555454.0,Bonnie and Clyde (1967),Crime|Drama
7,1,4.5,1106635946.0,Toy Story (1995),Adventure|Animation|Children|Comedy|Fantasy
7,50,4.5,1106635993.0,"Usual Suspects, The (1995)",Crime|Mystery|Thriller
7,58,3.0,1106635520.0,"Postman, The (Postino, Il) (1994)",Comedy|Drama|Romance
7,150,4.5,1106635925.0,Apollo 13 (1995),Adventure|Drama|IMAX
7,165,4.0,1106635987.0,Die Hard: With a Vengeance (1995),Action|Crime|Thriller
7,260,5.0,1106635933.0,Star Wars: Episode IV - A New Hope (1977),Action|Adventure|Sci-Fi
7,356,5.0,1106635915.0,Forrest Gump (1994),Comedy|Drama|Romance|War
7,380,3.0,1106635937.0,True Lies (1994),Action|Adventure|Comedy|Romance|Thriller
7,466,5.0,1106635532.0,Hot Shots! Part Deux (1993),Action|Comedy|War
7,480,5.0,1106635917.0,Jurassic Park (1993),Action|Adventure|Sci-Fi|Thriller
7,587,2.0,1106635714.0,Ghost (1990),Comedy|Drama|Fantasy|Romance|Thriller
7,588,3.0,1106635971.0,Aladdin (1992),Adventure|Animation|Children|Comedy|Musical
7,589,2.5,1106635940.0,Terminator 2: Judgment Day (1991),Action|Sci-Fi
7,592,3.0,1106635922.0,Batman (1989),Action|Crime|Thriller
7,593,5.0,1106635912.0,"Silence of the Lambs, The (1991)",Crime|Horror|Thriller
7,595,,1106712636.0,Beauty and the Beast (1991),Animation|Children|Fantasy|Musical|Romance|IMAX
7,648,4.0,1106635981.0,Mission: Impossible (1996),Action|Adventure|Mystery|Thriller
7,750,4.0,1106636810.0,Dr. Strangelove or: How I Learned to Stop Worrying and Love the Bomb (1964),
7,780,4.5,,Independence Day (a.k.a. ID4) (1996),Action|Adventure|Sci-Fi|Thriller
7,920,3.0,1106635685.0,Gone with the Wind (1939),Drama|Romance|War
7,924,4.0,1106712615.0,2001: A Space Odyssey (1968),Adventure|Drama|Sci-Fi
7,1101,4.0,1106635502.0,Top Gun (1986),Action|Romance
7,1183,1.5,1106712613.0,"English Patient, The (1996)",Drama|Romance|War
7,1196,4.0,1106635996.0,Star Wars: Episode V - The Empire Strikes Back (1980),Action|Adventure|Sci-Fi
7,1208,4.0,1106635462.0,Apocalypse Now (1979),Action|Drama|War
7,1210,4.0,1106635965.0,Star Wars: Episode VI - Return of the Jedi (1983),Action|Adventure|Sci-Fi
7,1219,5.0,1106635496.0,Psycho (1960),Crime|Horror
7,1220,4.5,1106635464.0,"Blues Brothers, The (1980)",Action|Comedy|Musical
7,1240,5.0,1106712575.0,"Terminator, The (1984)",Action|Sci-Fi|Thriller
7,1246,1.5,1106635678.0,Dead Poets Society (1989),Drama
7,1270,5.0,1106635681.0,Back to the Future (1985),Adventure|Comedy|Sci-Fi
7,1517,,1106635489.0,Austin Powers: International Man of Mystery (1997),Action|Adventure|Comedy
7,1584,5.0,1106635423.0,Contact (1997),Drama|Sci-Fi
7,1610,,1106635429.0,"Hunt for Red October, The (1990)",Action|Adventure|Thriller
7,1617,3.0,1107127060.0,L.A. Confidential (1997),Crime|Film-Noir|Mystery|Thriller
7,1682,,1106635653.0,"Truman Show, The (1998)",Comedy|Drama|Sci-Fi
7,1784,0.5,1106635416.0,As Good as It Gets (1997),Comedy|Drama|Romance
7,1917,4.0,1106635484.0,Armageddon (1998),Action|Romance|Sci-Fi|Thriller
7,1923,1.5,1106635444.0,There's Something About Mary (1998),Comedy|Romance
7,1954,4.5,1106635657.0,Rocky (1976),Drama
7,2019,5.0,1106713565.0,Seven Samurai (Shichinin no samurai) (1954),Action|Adventure|Drama
7,2324,2.0,1106712559.0,Life Is Beautiful (La Vita è bella) (1997),Comedy|Drama|Romance|War
7,2353,3.5,1106635625.0,Enemy of the State (1998),Action|Thriller
7,2529,5.0,1106635640.0,Planet of the Apes (1968),Action|Drama|Sci-Fi
7,2628,1.5,1106712553.0,Star Wars: Episode I - The Phantom Menace (1999),Action|Adventure|Sci-Fi
7,2640,3.0,1106635540.0,Superman (1978),Action|Adventure|Sci-Fi
7,2671,4.5,1113542732.0,Notting Hill (1999),Comedy|Romance
7,2683,2.0,1106635420.0,Austin Powers: The Spy Who Shagged Me (1999),Action|Adventure|Comedy
7,2688,2.5,1106713072.0,"General's Daughter, The (1999)",Crime|Drama|Mystery|Thriller
7,2701,1.5,1106713076.0,Wild Wild West (1999),Action|Comedy|Sci-Fi|Western
7,2717,3.5,,Ghostbusters II (1989),Comedy|Fantasy|Sci-Fi
7,2762,4.5,1106635648.0,"Sixth Sense, The (1999)",Drama|Horror|Mystery
7,2858,4.0,1106712546.0,American Beauty (1999),Drama|Romance
7,3114,4.5,1106635500.0,Toy Story 2 (1999),Adventure|Animation|Children|Comedy|Fantasy
7,3354,1.5,1106713005.0,Mission to Mars (2000),Sci-Fi
7,3408,4.5,1106712549.0,Erin Brockovich (2000),Drama
7,3578,1.5,1106636534.0,Gladiator (2000),Action|Adventure|Drama
7,3623,1.0,1106712541.0,Mission: Impossible II (2000),Action|Adventure|Thriller
7,3793,3.5,1106635630.0,X-Men (2000),Action|Adventure|Sci-Fi
7,3869,5.0,1106635733.0,"Naked Gun 2 1/2: The Smell of Fear, The (1991)",Comedy
7,3916,4.0,1106636596.0,Remember the Titans (2000),Drama
7,3977,2.5,1106635635.0,Charlie's Angels (2000),Action|Comedy
7,3994,3.0,1161738301.0,Unbreakable (2000),Drama|Sci-Fi
7,4018,4.0,,What Women Want (2000),Comedy|Romance
7,4223,,,Enemy at the Gates (2001),Drama|War
7,4246,2.0,1110855253.0,Bridget Jones's Diary (2001),Comedy|Drama|Romance
7,4306,4.0,1106635524.0,Shrek (2001),Adventure|Animation|Children|Comedy|Fantasy|Romance
7,4310,0.5,1107127033.0,Pearl Harbor (2001),Action|Drama|Romance|War
7,4370,4.5,1106712869.0,A.I. Artificial Intelligence (2001),Adventure|Drama|Sci-Fi
7,4643,1.0,1106635749.0,Planet of the Apes (2001),Action|Adventure|Drama|Sci-Fi
7,4700,,1109746591.0,"Princess Diaries, The (2001)",Children|Comedy|Romance
7,4844,1.5,1161738352.0,Bandits (2001),Comedy|Crime|Romance
7,4874,3.0,1106635738.0,K-PAX (2001),Drama|Fantasy|Mystery|Sci-Fi
7,4886,4.0,1106636531.0,"Monsters, Inc. (2001)",Adventure|Animation|Children|Comedy|Fantasy
7,4896,4.0,1106636718.0,Harry Potter and the Sorcerer's Stone (a.k.a. Harry Potter and the Philosopher's Stone) (2001),Adventure|Children|Fantasy
7,4963,4.0,1106636702.0,Ocean's Eleven (2001),Crime|Thriller
7,4993,4.5,,"Lord of the Rings: The Fellowship of the Ring, The (2001)",Adventure|Fantasy
7,4995,4.5,1106636610.0,"Beautiful Mind, A (2001)",Drama|Romance
7,5218,3.5,1106712866.0,Ice Age (2002),Adventure|Animation|Children|Comedy
7,5349,3.5,1106636606.0,Spider-Man (2002),Action|Adventure|Sci-Fi|Thriller
7,5378,0.5,1106635735.0,Star Wars: Episode II - Attack of the Clones (2002),Action|Adventure|Sci-Fi|IMAX
7,5445,4.0,1106636707.0,Minority Report (2002),
7,5459,3.0,1106712820.0,Men in Black II (a.k.a. MIIB) (a.k.a. MIB 2) (2002),Action|Comedy|Sci-Fi
7,5464,3.0,1106636612.0,Road to Perdition (2002),Crime|Drama
7,5502,1.5,1106635745.0,Signs (2002),Horror|Sci-Fi|Thriller
7,5618,5.0,1106713586.0,Spirited Away (Sen to Chihiro no kamikakushi) (2001),Adventure|Animation|Fantasy
7,5816,4.5,1106635705.0,Harry Potter and the Chamber of Secrets (2002),Adventure|Fantasy
7,5952,4.5,1106636527.0,"Lord of the Rings: The Two Towers, The (2002)",Adventure|Fantasy
7,5989,4.0,1106636600.0,Catch Me If You Can (2002),Crime|Drama
7,5991,4.5,1106712818.0,Chicago (2002),Comedy|Crime|Drama|Musical
7,6333,,1106636516.0,X2: X-Men United (2003),Action|Adventure|Sci-Fi|Thriller
7,6365,4.0,1106712831.0,"Matrix Reloaded, The (2003)",Action|Adventure|Sci-Fi|Thriller|IMAX
7,6534,0.5,1157949714.0,Hulk (2003),Action|Adventure|Sci-Fi
7,6539,4.5,1106636584.0,Pirates of the Caribbean: The Curse of the Black Pearl (2003),Action|Adventure|Comedy|Fantasy
7,6863,4.5,1106712827.0,School of Rock (2003),Comedy|Musical
7,6934,2.0,,"Matrix Revolutions, The (2003)",Action|Adventure|Sci-Fi|Thriller|IMAX
7,7143,4.5,1106636579.0,"Last Samurai, The (2003)",Action|Adventure|Drama|War
7,7153,4.0,1106636520.0,"Lord of the Rings: The Return of the King, The (2003)",Action|Adventure|Drama|Fantasy
7,7155,3.0,1173051472.0,Calendar Girls (2003),Comedy
7,7445,4.0,1107473963.0,Man on Fire (2004),Action|Crime|Drama|Mystery|Thriller
7,8207,4.5,1106713442.0,"Day of the Jackal, The (1973)",Crime|Thriller
7,8360,3.5,1106636782.0,Shrek 2 (2004),Adventure|Animation|Children|Comedy|Musical|Romance
7,8368,2.5,1106636592.0,Harry Potter and the Prisoner of Azkaban (2004),Adventure|Fantasy|IMAX
7,8373,2.0,1108602792.0,"Stepford Wives, The (2004)",Comedy|Fantasy|Thriller
7,8528,4.5,1106636844.0,Dodgeball: A True Underdog Story (2004),Comedy
7,8636,4.5,1106636511.0,Spider-Man 2 (2004),Action|Adventure|Sci-Fi|IMAX
7,8665,3.5,1108602755.0,"Bourne Supremacy, The (2004)",Action|Crime|Thriller
7,8666,1.0,1106779625.0,Catwoman (2004),Action|Crime|Fantasy
7,8783,1.0,1161738306.0,"Village, The (2004)",Drama|Mystery|Thriller
7,8798,4.5,1106636602.0,Collateral (2004),Action|Crime|Drama|Thriller
7,8808,1.5,1109746594.0,"Princess Diaries 2: Royal Engagement, The (2004)",Comedy|Romance
7,8865,1.0,1106713549.0,Sky Captain and the World of Tomorrow (2004),
7,8870,3.5,1118025961.0,"Forgotten, The (2004)",
7,8907,,1110757877.0,Shark Tale (2004),Animation|Children|Comedy
7,8908,4.5,1122333561.0,Ladder 49 (2004),Action|Drama|Thriller
7,8949,4.0,1110757890.0,Sideways (2004),Comedy|Drama|Romance
7,8957,4.0,1106636098.0,Saw (2004),Horror|Mystery|Thriller
7,8958,3.5,1110173697.0,Ray (2004),Drama
7,8961,4.0,1106636064.0,"Incredibles, The (2004)",Action|Adventure|Animation|Children|Comedy
7,8965,1.0,1106636095.0,"Polar Express, The (2004)",Adventure|Animation|Children|Fantasy|IMAX
7,8970,2.5,1106636069.0,Finding Neverland (2004),Drama
7,8972,2.5,,National Treasure (2004),Action|Adventure|Drama|Mystery|Thriller
7,8984,4.0,1106636101.0,Ocean's Twelve (2004),Action|Comedy|Crime|Thriller
7,27741,3.0,1107474020.0,"Twilight Samurai, The (Tasogare Seibei) (2002)",Drama|Romance
7,30812,3.5,1113353083.0,"Aviator, The (2004)",Drama
7,30816,2.0,1107127004.0,"Phantom of the Opera, The (2004)",Drama|Musical|Romance
7,31878,3.5,1118025982.0,Kung Fu Hustle (Gong fu) (2004),Action|Comedy
7,32029,2.0,1118025946.0,Hostage (2005),Action|Crime|Drama|Thriller
7,32031,1.5,1122940686.0,Robots (2005),Adventure|Animation|Children|Comedy|Fantasy|Sci-Fi|IMAX
7,32296,2.0,1118026013.0,Miss Congeniality 2: Armed and Fabulous (2005),Adventure|Comedy|Crime
7,32587,3.5,1128486479.0,Sin City (2005),Action|Crime|Film-Noir|Mystery|Thriller
7,33162,3.5,1116550784.0,Kingdom of Heaven (2005),Action|Drama|Romance|War
7,33493,1.0,1121041079.0,Star Wars: Episode III - Revenge of the Sith (2005),Action|Adventure|Sci-Fi
7,33794,2.0,1121041002.0,Batman Begins (2005),Action|Crime|IMAX
7,33836,1.0,1125442102.0,Bewitched (2005),Comedy|Fantasy|Romance
7,34048,3.0,1121041015.0,War of the Worlds (2005),Action|Adventure|Sci-Fi|Thriller
7,34319,4.5,1122333538.0,"Island, The (2005)",Action|Sci-Fi|Thriller
7,37741,3.5,1162163504.0,Capote (2005),Crime|Drama
7,38388,3.5,1149548381.0,Goal! The Dream Begins (Goal!) (2005),Drama
7,42002,4.5,1144806100.0,"Producers, The (2005)",Comedy|Musical
7,45499,4.0,1157949636.0,X-Men: The Last Stand (2006),Action|Sci-Fi|Thriller
7,45517,4.5,1157066190.0,Cars (2006),Animation|Children|Comedy
7,45668,1.0,1159225196.0,"Lake House, The (2006)",Drama|Fantasy|Romance
7,45730,0.5,,Lady in the Water (2006),Drama|Fantasy|Mystery
7,46530,1.0,1157949732.0,Superman Returns (2006),Action|Adventure|Sci-Fi|IMAX
7,48516,1.0,1169687318.0,"Departed, The (2006)",Crime|Drama|Thriller
7,48783,4.5,1162163488.0,Flags of Our Fathers (2006),Drama|War
7,48997,2.5,1174263740.0,Perfume: The Story of a Murderer (2006),Crime|Drama|Thriller
7,49272,4.5,1165876367.0,Casino Royale (2006),Action|Adventure|Thriller
7,49278,3.5,,Déjà Vu (Deja Vu) (2006),Action|Sci-Fi|Thriller
7,49286,0.5,1176181731.0,"Holiday, The (2006)",Comedy|Romance
7,49824,3.0,1173051469.0,Dreamgirls (2006),Drama|Musical
8,2,4.0,839463806.0,Jumanji (1995),Adventure|Children|Fantasy
8,10,2.0,839463509.0,GoldenEye (1995),Action|Adventure|Thriller
8,11,4.0,839463806.0,"American President, The (1995)",Comedy|Drama|Romance
8,21,4.0,839463564.0,Get Shorty (1995),Comedy|Crime|Thriller
8,32,3.0,839463624.0,Twelve Monkeys (a.k.a. 12 Monkeys) (1995),Mystery|Sci-Fi|Thriller
8,34,5.0,839463546.0,Babe (1995),Children|Drama
8,39,3.0,839463644.0,Clueless (1995),Comedy|Romance
8,47,4.0,839463546.0,Seven (a.k.a. Se7en) (1995),
8,50,5.0,839463644.0,"Usual Suspects, The (1995)",Crime|Mystery|Thriller
8,110,3.0,839463527.0,Braveheart (1995),Action|Drama|War
8,141,3.0,839464076.0,"Birdcage, The (1996)",Comedy
8,150,4.0,839463422.0,Apollo 13 (1995),Adventure|Drama|IMAX
8,153,2.0,839463451.0,Batman Forever (1995),Action|Adventure|Comedy|Crime
8,185,5.0,839463509.0,"Net, The (1995)",Action|Crime|Thriller
8,186,4.0,839463856.0,Nine Months (1995),Comedy|Romance
8,208,3.0,,Waterworld (1995),Action|Adventure|Sci-Fi
8,231,4.0,839463470.0,Dumb & Dumber (Dumb and Dumber) (1994),Adventure|Comedy
8,235,3.0,839464076.0,Ed Wood (1994),
8,236,3.0,839463767.0,French Kiss (1995),Action|Comedy|Romance
8,252,3.0,839463856.0,I.Q. (1994),Comedy|Romance
8,253,5.0,,Interview with the Vampire: The Vampire Chronicles (1994),Drama|Horror
8,282,3.0,839463767.0,Nell (1994),Drama
8,292,3.0,839463489.0,Outbreak (1995),Action|Drama|Sci-Fi|Thriller
8,296,4.0,839463422.0,Pulp Fiction (1994),Comedy|Crime|Drama|Thriller
8,317,3.0,839463644.0,"Santa Clause, The (1994)",
8,318,5.0,839463489.0,"Shawshank Redemption, The (1994)",Crime|Drama
8,339,3.0,839463509.0,While You Were Sleeping (1995),Comedy|Romance
8,356,3.0,839463527.0,Forrest Gump (1994),Comedy|Drama|Romance|War
8,357,,839463767.0,Four Weddings and a Funeral (1994),Comedy|Romance
8,364,5.0,839463546.0,"Lion King, The (1994)",
8,367,3.0,839463564.0,"Mask, The (1994)",Action|Comedy|Crime|Fantasy
8,377,4.0,839463644.0,Speed (1994),Action|Romance|Thriller
8,380,5.0,839463422.0,True Lies (1994),Action|Adventure|Comedy|Romance|Thriller
8,432,1.0,839463702.0,City Slickers II: The Legend of Curly's Gold (1994),Adventure|Comedy|Western
8,440,3.0,839463728.0,Dave (1993),Comedy|Romance
8,454,4.0,839463546.0,"Firm, The (1993)",Drama|Thriller
8,457,3.0,839463489.0,"Fugitive, The (1993)",Thriller
8,480,4.0,839463527.0,Jurassic Park (1993),Action|Adventure|Sci-Fi|Thriller
8,500,2.0,839463624.0,Mrs. Doubtfire (1993),Comedy|Drama
8,527,5.0,839463728.0,Schindler's List (1993),Drama|War
8,539,3.0,839463728.0,Sleepless in Seattle (1993),Comedy|Drama|Romance
8,586,3.0,839463702.0,Home Alone (1990),Children|Comedy
8,587,3.0,839463702.0,Ghost (1990),Comedy|Drama|Fantasy|Romance|Thriller
8,590,5.0,839463422.0,Dances with Wolves (1990),Adventure|Drama|Western
8,592,3.0,839463422.0,Batman (1989),Action|Crime|Thriller
8,593,4.0,839463470.0,"Silence of the Lambs, The (1991)",Crime|Horror|Thriller
8,597,3.0,839463728.0,Pretty Woman (1990),Comedy|Romance
9,41,3.0,,Richard III (1995),Drama|War
9,187,,1044657119.0,Party Girl (1995),Comedy
9,223,4.0,1044656650.0,Clerks (1994),Comedy
9,371,3.0,1044656716.0,"Paper, The (1994)",Comedy|Drama
9,627,3.0,1044657102.0,"Last Supper, The (1995)",Drama|Thriller
9,922,,1044657026.0,Sunset Blvd. (a.k.a. Sunset Boulevard) (1950),Drama|Film-Noir|Romance
9,923,5.0,1044657026.0,Citizen Kane (1941),Drama|Mystery
9,1037,,1044656650.0,"Lawnmower Man, The (1992)",Action|Horror|Sci-Fi|Thriller
9,1095,4.0,1044657088.0,Glengarry Glen Ross (1992),Drama
9,1198,5.0,1044656716.0,Raiders of the Lost Ark (Indiana Jones and the Raiders of the Lost Ark) (1981),Action|Adventure
9,1270,,1044657088.0,Back to the Future (1985),Adventure|Comedy|Sci-Fi
9,1674,4.0,1044656650.0,Witness (1985),Drama|Romance|Thriller
9,1987,2.0,1044656716.0,Prom Night (1980),Horror
9,2011,3.0,1044657200.0,Back to the Future Part II (1989),Adventure|Comedy|Sci-Fi
9,2012,4.0,1044657237.0,Back to the Future Part III (1990),Adventure|Comedy|Sci-Fi|Western
9,2023,3.0,1044656650.0,"Godfather: Part III, The (1990)",Crime|Drama|Mystery|Thriller
9,2300,,1044657072.0,"Producers, The (1968)",
9,2877,3.0,1044657221.0,Tommy (1975),Musical
9,2901,2.0,1044656716.0,Phantasm (1979),Horror|Sci-Fi
9,3173,2.0,1044656650.0,Any Given Sunday (1999),Drama
9,3328,3.0,1044656650.0,Ghost Dog: The Way of the Samurai (1999),Crime|Drama
9,3735,3.0,1044657051.0,Serpico (1973),Crime|Drama
9,4131,1.0,,Making Mr. Right (1987),Comedy|Romance|Sci-Fi
9,4558,1.0,1044656650.0,Twins (1988),Comedy
9,4993,5.0,1044657051.0,"Lord of the Rings: The Fellowship of the Ring, The (2001)",Adventure|Fantasy
9,5218,4.0,1044656811.0,Ice Age (2002),Adventure|Animation|Children|Comedy
9,5378,3.0,1044656811.0,Star Wars: Episode II - Attack of the Clones (2002),Action|Adventure|Sci-Fi|IMAX
9,5445,4.0,1044656792.0,Minority Report (2002),Action|Crime|Mystery|Sci-Fi|Thriller
9,5447,4.0,1044656836.0,Sunshine State (2002),Drama
9,5451,4.0,1044656836.0,Pumpkin (2002),Comedy|Drama|Romance
9,5481,5.0,1044656836.0,Austin Powers in Goldmember (2002),
9,5507,1.0,,xXx (2002),Action|Crime|Thriller
9,5841,1.0,,Return to the Blue Lagoon (1991),Adventure|Romance
9,5843,3.0,1044657269.0,Toy Soldiers (1991),Action|Drama
9,5872,3.0,1044656962.0,Die Another Day (2002),Action|Adventure|Thriller
9,5890,4.0,1044656792.0,Elling (2001),Comedy|Drama
9,5891,1.0,,I Spit on Your Grave (Day of the Woman) (1978),Horror|Thriller
9,5893,4.0,1044657144.0,"Last Seduction, The (1994)",Crime|Drama|Thriller
9,5902,5.0,1044656934.0,Adaptation (2002),Comedy|Drama|Romance
9,5952,5.0,1044656908.0,"Lord of the Rings: The Two Towers, The (2002)",Adventure|Fantasy
9,5956,4.0,1044656962.0,Gangs of New York (2002),Crime|Drama
9,5962,1.0,1044657338.0,Body of Evidence (1993),Drama|Thriller
9,5965,4.0,1044657185.0,"Duellists, The (1977)",Action|War
9,5988,2.0,1044657269.0,Quicksilver (1986),Drama
9,6001,4.0,1044657072.0,"King of Comedy, The (1983)",Comedy|Drama
9,6044,,1044657285.0,Blind Date (1984),Horror|Thriller
10,296,1.0,1455303387.0,Pulp Fiction (1994),Comedy|Crime|Drama|Thriller
10,356,3.5,1455301685.0,Forrest Gump (1994),Comedy|Drama|Romance|War
10,588,4.0,1455306173.0,Aladdin (1992),Adventure|Animation|Children|Comedy|Musical
10,597,3.5,1455357645.0,Pretty Woman (1990),Comedy|Romance
10,912,4.0,1455302254.0,Casablanca (1942),Drama|Romance
10,1028,0.5,1455306152.0,Mary Poppins (1964),
10,1088,3.0,1455619275.0,Dirty Dancing (1987),Drama|Musical|Romance
10,1247,3.0,1455303518.0,"Graduate, The (1967)",Comedy|Drama|Romance
10,1307,3.0,1455357613.0,When Harry Met Sally... (1989),Comedy|Romance
10,1784,3.5,1455301699.0,As Good as It Gets (1997),
10,1907,4.0,1455306183.0,Mulan (1998),Adventure|Animation|Children|Comedy|Drama|Musical|Romance
10,2571,0.5,1455356378.0,"Matrix, The (1999)",Action|Sci-Fi|Thriller
10,2671,3.5,1455357517.0,Notting Hill (1999),Comedy|Romance
10,2762,0.5,1455356388.0,"Sixth Sense, The (1999)",Drama|Horror|Mystery
10,2858,1.0,1455356578.0,American Beauty (1999),Drama|Romance
10,2959,0.5,1455356582.0,Fight Club (1999),Action|Crime|Drama|Thriller
10,3578,4.0,1455356591.0,Gladiator (2000),Action|Adventure|Drama
10,3882,3.0,1455398344.0,Bring It On (2000),Comedy
10,4246,3.5,1455302676.0,Bridget Jones's Diary (2001),Comedy|Drama|Romance
10,4306,4.5,1455356595.0,Shrek (2001),Adventure|Animation|Children|Comedy|Fantasy|Romance
10,4447,4.5,1455398321.0,Legally Blonde (2001),Comedy|Romance
10,4993,4.0,1455356385.0,"Lord of the Rings: The Fellowship of the Ring, The (2001)",Adventure|Fantasy
10,4995,4.0,1455301798.0,"Beautiful Mind, A (2001)",Drama|Romance
10,5066,3.0,1455399329.0,"Walk to Remember, A (2002)",Drama|Romance
10,5377,3.5,1455301898.0,About a Boy (2002),Comedy|Drama|Romance
10,5620,3.0,1455357578.0,Sweet Home Alabama (2002),Comedy|Romance
10,5943,3.0,1455303078.0,Maid in Manhattan (2002),Comedy|Romance
10,5952,4.0,1455356588.0,"Lord of the Rings: The Two Towers, The (2002)",Adventure|Fantasy
10,5957,3.0,1455397999.0,Two Weeks Notice (2002),Comedy|Romance
10,6155,3.0,1455357557.0,How to Lose a Guy in 10 Days (2003),
10,6266,3.0,1455303070.0,What a Girl Wants (2003),Comedy|Drama|Romance
10,6377,3.5,1455306101.0,Finding Nemo (2003),Adventure|Animation|Children|Comedy
10,6535,4.0,1455398379.0,"Legally Blonde 2: Red, White & Blonde (2003)",Comedy
10,6942,4.0,1455301621.0,Love Actually (2003),Comedy|Drama|Romance
10,7149,4.0,1455399533.0,Something's Gotta Give (2003),Comedy|Drama|Romance
10,7151,3.0,1455302670.0,Girl with a Pearl Earring (2003),Drama|Romance
10,7153,4.0,1455356347.0,"Lord of the Rings: The Return of the King, The (2003)",Action|Adventure|Drama|Fantasy
10,7154,4.0,1455399087.0,Mona Lisa Smile (2003),Drama|Romance
10,7169,4.5,,Chasing Liberty (2004),Comedy|Romance
10,7293,3.5,1455402085.0,50 First Dates (2004),Comedy|Romance
10,7375,4.0,1455303057.0,"Prince & Me, The (2004)",Comedy|Romance
10,7451,3.5,1455399289.0,Mean Girls (2004),Comedy
10,7458,5.0,1455356656.0,Troy (2004),Action|Adventure|Drama|War
10,8529,3.5,1455398107.0,"Terminal, The (2004)",Comedy|Drama|Romance
10,8533,5.0,1455301847.0,"Notebook, The (2004)",Drama|Romance
10,8636,3.5,,Spider-Man 2 (2004),Action|Adventure|Sci-Fi|IMAX
10,8665,3.5,1455356327.0,"Bourne Supremacy, The (2004)",Action|Crime|Thriller
10,8808,3.0,1455397936.0,"Princess Diaries 2: Royal Engagement, The (2004)",Comedy|Romance
10,8869,5.0,1455303064.0,First Daughter (2004),Comedy|Romance
10,8961,2.5,1455302401.0,"Incredibles, The (2004)",Action|Adventure|Animation|Children|Comedy
10,8969,3.5,1455302697.0,Bridget Jones: The Edge of Reason (2004),Comedy|Drama|Romance
10,8970,1.0,1455398160.0,Finding Neverland (2004),Drama
10,30749,3.5,1455398096.0,Hotel Rwanda (2004),Drama|War
10,31433,,1455357527.0,"Wedding Date, The (2005)",Comedy|Romance
10,31685,4.5,1455357602.0,Hitch (2005),Comedy|Romance
10,33145,3.0,1455398153.0,"Lot Like Love, A (2005)",Comedy|Drama|Romance
10,33679,3.0,1455357626.0,Mr. & Mrs. Smith (2005),Action|Adventure|Comedy|Romance
10,33794,5.0,1455302031.0,Batman Begins (2005),Action|Crime|IMAX
10,40629,3.0,1455356796.0,Pride & Prejudice (2005),Drama|Romance
10,40819,4.0,1455301745.0,Walk the Line (2005),Drama|Musical|Romance
10,41285,,1455301854.0,Match Point (2005),Crime|Drama|Romance
10,47099,3.0,,"Pursuit of Happyness, The (2006)",Drama
10,49272,5.0,1455302162.0,Casino Royale (2006),Action|Adventure|Thriller
10,49286,,1455357502.0,"Holiday, The (2006)",Comedy|Romance
10,51662,3.0,1455356357.0,300 (2007),Action|Fantasy|War|IMAX
10,51705,4.5,1455359663.0,Priceless (Hors de prix) (2006),Comedy|Romance
10,51834,1.5,1455399396.0,Becoming Jane (2007),
10,54286,3.5,1455356320.0,"Bourne Ultimatum, The (2007)",
10,56367,3.5,1455301825.0,Juno (2007),Comedy|Drama|Romance
10,56949,3.0,1455357531.0,27 Dresses (2008),Comedy|Romance
10,58047,3.5,1455302791.0,"Definitely, Maybe (2008)",Comedy|Drama|Romance
10,58559,4.5,1455302113.0,"Dark Knight, The (2008)",Action|Crime|Drama|IMAX
10,59333,2.5,1455357564.0,Made of Honor (2008),Comedy|Romance
10,59421,2.0,1455398002.0,What Happens in Vegas... (2008),Comedy|Romance
10,60397,3.0,1455302689.0,Mamma Mia! (2008),Comedy|Musical|Romance
10,60950,2.0,1455301965.0,Vicky Cristina Barcelona (2008),Comedy|Drama|Romance
10,61250,2.5,1455398339.0,"House Bunny, The (2008)",Comedy
10,63113,3.5,1455302183.0,Quantum of Solace (2008),Action|Adventure|Thriller
10,63992,4.5,1455356863.0,Twilight (2008),Drama|Fantasy|Romance|Thriller
10,64969,0.5,1455357607.0,Yes Man (2008),Comedy
10,66203,3.5,1455357596.0,He's Just Not That Into You (2009),Comedy|Drama|Romance
10,68954,4.0,1455304158.0,Up (2009),Adventure|Animation|Children|Drama
10,69406,4.5,1455302747.0,"Proposal, The (2009)",Comedy|Romance
10,69844,3.0,1455399200.0,Harry Potter and the Half-Blood Prince (2009),Adventure|Fantasy|Mystery|Romance|IMAX
10,70183,3.0,1455357636.0,"Ugly Truth, The (2009)",Comedy|Drama|Romance
10,70293,0.5,1455398141.0,Julie & Julia (2009),Comedy|Drama|Romance
10,71579,5.0,1455301869.0,"Education, An (2009)",Drama|Romance
10,72011,2.5,1455301741.0,Up in the Air (2009),Drama|Romance
10,72330,3.5,1455399573.0,"Private Lives of Pippa Lee, The (2009)",Drama
10,72407,3.0,1455356987.0,"Twilight Saga: New Moon, The (2009)",Drama|Fantasy|Horror|Romance|Thriller
10,72720,3.5,1455301822.0,"Single Man, A (2009)",Drama
10,72737,3.5,1455398131.0,"Princess and the Frog, The (2009)",Animation|Children|Fantasy|Musical|Romance
10,72998,2.5,1455356351.0,Avatar (2009),Action|Adventure|Sci-Fi|IMAX
10,73017,3.0,1455356691.0,Sherlock Holmes (2009),Action|Crime|Mystery|Thriller
10,74450,3.0,1455357541.0,Valentine's Day (2010),Comedy|Romance
10,77841,2.0,,St Trinian's 2: The Legend of Fritton's Gold (2009),Adventure|Comedy
10,78772,3.0,1455356988.0,"Twilight Saga: Eclipse, The (2010)",Fantasy|Romance|Thriller|IMAX
10,79091,5.0,1455306124.0,Despicable Me (2010),Animation|Children|Comedy|Crime
10,80549,3.5,,Easy A (2010),Comedy|Romance
10,81784,2.5,1455357716.0,Morning Glory (2010),Comedy|Drama|Romance
10,81845,5.0,1455302591.0,"King's Speech, The (2010)",Drama
10,81847,3.5,1455399313.0,Tangled (2010),Animation|Children|Comedy|Fantasy|Musical|Romance|IMAX
10,82167,3.5,1455357720.0,Love and Other Drugs (2010),Comedy|Drama|Romance
10,82499,2.0,1455398390.0,How Do You Know (2010),Comedy|Drama|Romance
10,84374,3.5,1455357730.0,No Strings Attached (2011),Comedy|Romance
10,86548,3.0,1455398396.0,Water for Elephants (2011),
10,87222,3.5,1455306257.0,Kung Fu Panda 2 (2011),Action|Adventure|Animation|Children|Comedy|IMAX
10,88163,4.0,,"Crazy, Stupid, Love. (2011)",Comedy|Drama|Romance
10,88810,3.0,1455399281.0,"Help, The (2011)",Drama
10,91104,3.0,1455356990.0,"Twilight Saga: Breaking Dawn - Part 1, The (2011)",Adventure|Drama|Fantasy|Romance
10,91529,5.0,1455302120.0,"Dark Knight Rises, The (2012)",Action|Adventure|Crime|IMAX
10,92259,5.0,1455301553.0,Intouchables (2011),Comedy|Drama
10,94070,4.5,1455357387.0,"Best Exotic Marigold Hotel, The (2011)",Comedy|Drama
10,95167,4.0,1455398177.0,Brave (2012),Action|Adventure|Animation|Children
10,95449,,1455356885.0,Magic Mike (2012),Drama|Romance
10,95510,3.0,1455398127.0,"Amazing Spider-Man, The (2012)",Action|Adventure|Sci-Fi|IMAX
10,95543,3.5,1455399376.0,Ice Age 4: Continental Drift (2012),
10,96079,5.0,1455302172.0,Skyfall (2012),Action|Adventure|Thriller|IMAX
10,97024,0.5,1455301892.0,Rust and Bone (De rouille et d'os) (2012),Drama|Romance
10,97938,1.0,1455398105.0,Life of Pi (2012),Adventure|Drama|IMAX
10,98203,3.0,1455356994.0,"Twilight Saga: Breaking Dawn - Part 2, The (2012)",Adventure|Drama|Fantasy|Romance|IMAX
10,103335,4.0,1455398111.0,Despicable Me 2 (2013),Animation|Children|Comedy|IMAX
10,103339,4.0,1455356177.0,White House Down (2013),Action|Drama|Thriller|IMAX
10,104374,4.0,1455357653.0,About Time (2013),Drama|Fantasy|Romance
10,105211,2.5,1455399232.0,Enough Said (2013),Comedy|Drama|Romance
10,106489,,1455357076.0,"Hobbit: The Desolation of Smaug, The (2013)",Adventure|Fantasy|IMAX
10,106696,4.5,1455306204.0,Frozen (2013),Adventure|Animation|Comedy|Fantasy|Musical|Romance
10,106782,1.0,1455398089.0,"Wolf of Wall Street, The (2013)",Comedy|Crime|Drama
10,107141,2.0,1455399188.0,Saving Mr. Banks (2013),Comedy|Drama
10,109374,0.5,,"Grand Budapest Hotel, The (2014)",Comedy|Drama
10,109487,0.5,1455398092.0,Interstellar (2014),Sci-Fi|IMAX
10,109853,4.0,1455357656.0,Barefoot (2014),Comedy|Drama|Romance
10,112006,4.0,1455398144.0,Tangled Ever After (2012),Action|Animation|Children
10,113275,4.5,1455357698.0,The Hundred-Foot Journey (2014),Comedy|Drama
10,113394,4.0,1455398275.0,"Pretty One, The (2013)",Comedy|Drama
10,119145,1.0,1455302650.0,Kingsman: The Secret Service (2015),Action|Adventure|Comedy|Crime
10,129428,3.5,1455357384.0,The Second Best Exotic Marigold Hotel (2015),Comedy|Drama
10,136020,5.0,1455302192.0,Spectre (2015),Action|Adventure|Crime
10,137595,4.0,1455356898.0,Magic Mike XXL (2015),Comedy|Drama
10,140110,5.0,1455356776.0,The Intern (2015),Comedy
11,6,5.0,902154266.0,Heat (1995),Action|Crime|Thriller
11,10,3.0,902154316.0,GoldenEye (1995),Action|Adventure|Thriller
11,36,4.0,902155135.0,Dead Man Walking (1995),Crime|Drama
11,44,2.0,902154593.0,Mortal Kombat (1995),Action|Adventure|Fantasy
11,95,,902154458.0,Broken Arrow (1996),Action|Adventure|Thriller
11,110,5.0,902154266.0,Braveheart (1995),Action|Drama|War
11,150,5.0,902154266.0,Apollo 13 (1995),Adventure|Drama|IMAX
11,153,3.0,902154593.0,Batman Forever (1995),Action|Adventure|Comedy|Crime
11,165,3.0,902154567.0,Die Hard: With a Vengeance (1995),Action|Crime|Thriller
11,170,4.0,902154621.0,Hackers (1995),Action|Adventure|Crime|Thriller
11,208,3.0,902154706.0,Waterworld (1995),Action|Adventure|Sci-Fi
11,292,4.0,902154383.0,Outbreak (1995),Action|Drama|Sci-Fi|Thriller
11,318,4.0,902155070.0,"Shawshank Redemption, The (1994)",Crime|Drama
11,349,5.0,902154342.0,Clear and Present Danger (1994),Action|Crime|Drama|Thriller
11,356,,901200263.0,Forrest Gump (1994),Comedy|Drama|Romance|War
11,368,3.0,904510567.0,Maverick (1994),Adventure|Comedy|Western
11,376,,902154684.0,"River Wild, The (1994)",Action|Thriller
11,377,3.0,902154431.0,Speed (1994),Action|Romance|Thriller
11,380,4.0,902154431.0,True Lies (1994),Action|Adventure|Comedy|Romance|Thriller
11,434,3.0,902154685.0,Cliffhanger (1993),Action|Adventure|Thriller
11,457,5.0,902154316.0,"Fugitive, The (1993)",Thriller
11,466,3.0,902154805.0,Hot Shots! Part Deux (1993),Action|Comedy|War
11,474,4.0,902154431.0,In the Line of Fire (1993),Action|Thriller
11,480,4.0,902154383.0,Jurassic Park (1993),Action|Adventure|Sci-Fi|Thriller
11,493,3.0,902154805.0,Menace II Society (1993),Action|Crime|Drama
11,511,4.0,902154514.0,"Program, The (1993)",Action|Drama
11,529,5.0,902155043.0,Searching for Bobby Fischer (1993),Drama
11,589,4.0,902154266.0,Terminator 2: Judgment Day (1991),Action|Sci-Fi
11,593,5.0,902155102.0,"Silence of the Lambs, The (1991)",
11,648,4.0,902154514.0,Mission: Impossible (1996),Action|Adventure|Mystery|Thriller
11,733,,902154431.0,"Rock, The (1996)",Action|Adventure|Thriller
11,736,,902154542.0,Twister (1996),Action|Adventure|Romance|Thriller
11,780,4.0,902154487.0,Independence Day (a.k.a. ID4) (1996),Action|Adventure|Sci-Fi|Thriller
11,1100,,902154621.0,Days of Thunder (1990),Action|Drama|Romance
11,1101,5.0,901200233.0,Top Gun (1986),Action|Romance
11,1210,4.0,902154266.0,Star Wars: Episode VI - Return of the Jedi (1983),Action|Adventure|Sci-Fi
11,1358,4.0,902155136.0,Sling Blade (1996),Drama
11,1370,3.0,902154383.0,Die Hard 2 (1990),Action|Adventure|Thriller
11,1385,3.0,902154542.0,Under Siege (1992),Action|Drama|Thriller
11,1391,1.0,902154685.0,Mars Attacks! (1996),Action|Comedy|Sci-Fi
11,1408,5.0,902154383.0,"Last of the Mohicans, The (1992)",Action|Romance|War|Western
11,1438,3.0,902154647.0,Dante's Peak (1997),Action|Thriller
11,1518,4.0,902154431.0,Breakdown (1997),Action|Thriller
11,1552,4.0,902154458.0,Con Air (1997),
11,1573,3.0,902154542.0,Face/Off (1997),Action|Crime|Drama|Thriller
11,1584,5.0,902155136.0,Contact (1997),Drama|Sci-Fi
11,1586,4.0,902154487.0,G.I. Jane (1997),Action|Drama
11,1597,4.0,902154487.0,Conspiracy Theory (1997),Drama|Mystery|Romance|Thriller
11,1604,4.0,902154647.0,Money Talks (1997),Action|Comedy
11,1608,4.0,902154316.0,Air Force One (1997),Action|Thriller
11,1616,3.0,902154542.0,"Peacemaker, The (1997)",Action|Thriller|War
11,1687,3.0,902154647.0,"Jackal, The (1997)",Action|Thriller
11,1693,5.0,902155102.0,Amistad (1997),Drama|Mystery
11,1704,4.0,902155102.0,Good Will Hunting (1997),Drama|Romance
11,1721,5.0,902154989.0,Titanic (1997),Drama|Romance
11,1784,5.0,902155043.0,As Good as It Gets (1997),Comedy|Drama|Romance
11,1840,4.0,901200111.0,He Got Game (1998),Drama
11,1882,2.0,901200143.0,Godzilla (1998),Action|Sci-Fi|Thriller
11,1917,4.0,901200037.0,Armageddon (1998),Action|Romance|Sci-Fi|Thriller
11,1918,4.0,901200070.0,Lethal Weapon 4 (1998),Action|Comedy|Crime|Thriller
11,1923,4.0,904510428.0,There's Something About Mary (1998),Comedy|Romance
11,2002,2.0,902154383.0,Lethal Weapon 3 (1992),Action|Comedy|Crime|Drama
11,2027,3.0,,Jane Austen's Mafia! (1998),Comedy|Crime
11,2028,5.0,902153951.0,Saving Private Ryan (1998),Action|Drama|War
12,39,,1247264471.0,Clueless (1995),Comedy|Romance
12,168,5.0,1247264411.0,First Knight (1995),
12,222,5.0,1247263465.0,Circle of Friends (1995),Drama|Romance
12,256,5.0,1247263375.0,Junior (1994),Comedy|Sci-Fi
12,261,4.5,1247263357.0,Little Women (1994),Drama
12,277,3.0,1247263371.0,Miracle on 34th Street (1994),Drama
12,357,3.5,1247264106.0,Four Weddings and a Funeral (1994),Comedy|Romance
12,543,3.5,1247263318.0,So I Married an Axe Murderer (1993),Comedy|Romance|Thriller
12,830,4.0,,"First Wives Club, The (1996)",Comedy
12,838,5.0,1247264096.0,Emma (1996),Comedy|Drama|Romance
12,920,,,Gone with the Wind (1939),Drama|Romance|War
12,1265,3.5,1247264118.0,Groundhog Day (1993),Comedy|Fantasy|Romance
12,1357,5.0,1247263404.0,Shine (1996),Drama|Romance
12,1405,3.0,1247263395.0,Beavis and Butt-Head Do America (1996),Adventure|Animation|Comedy|Crime
12,1721,5.0,1247264463.0,Titanic (1997),Drama|Romance
12,1876,3.5,1247263334.0,Deep Impact (1998),Drama|Sci-Fi|Thriller
12,2072,5.0,1247263670.0,"'burbs, The (1989)",Comedy
12,2100,3.5,1247263337.0,Splash (1984),Comedy|Fantasy|Romance
12,2421,3.0,1247263495.0,"Karate Kid, Part II, The (1986)",Action|Adventure|Drama
12,2485,5.0,1247264406.0,She's All That (1999),Comedy|Romance
12,2572,5.0,1247263689.0,10 Things I Hate About You (1999),Comedy|Romance
12,2581,5.0,1247263444.0,Never Been Kissed (1999),Comedy|Romance
12,2694,4.0,1247263398.0,Big Daddy (1999),Comedy
12,2717,5.0,1247263428.0,Ghostbusters II (1989),Comedy|Fantasy|Sci-Fi
12,3668,5.0,1247264220.0,Romeo and Juliet (1968),Drama|Romance
12,3967,4.5,1247263471.0,Billy Elliot (2000),Drama
12,4018,4.5,1247264420.0,What Women Want (2000),Comedy|Romance
12,5620,4.0,1247264417.0,Sweet Home Alabama (2002),Comedy|Romance
12,6942,5.0,,Love Actually (2003),Comedy|Drama|Romance
12,8533,5.0,1247264151.0,"Notebook, The (2004)",Drama|Romance
12,40629,5.0,1247264192.0,Pride & Prejudice (2005),Drama|Romance
12,63992,5.0,1247264457.0,Twilight (2008),Drama|Fantasy|Romance|Thriller
13,47,5.0,987895819.0,Seven (a.k.a. Se7en) (1995),Mystery|Thriller
13,305,1.0,987456968.0,Ready to Wear (Pret-A-Porter) (1994),Comedy
13,597,3.0,987456968.0,Pretty Woman (1990),Comedy|Romance
13,1173,3.0,987457052.0,"Cook the Thief His Wife & Her Lover, The (1989)",Comedy|Drama
13,1198,5.0,987456848.0,Raiders of the Lost Ark (Indiana Jones and the Raiders of the Lost Ark) (1981),Action|Adventure
13,1590,4.0,987457086.0,Event Horizon (1997),Horror|Sci-Fi|Thriller
13,1619,3.0,987895819.0,Seven Years in Tibet (1997),Adventure|Drama|War
13,1639,4.0,987456818.0,Chasing Amy (1997),Comedy|Drama|Romance
13,1721,4.0,987456818.0,Titanic (1997),Drama|Romance
13,2145,3.0,987456968.0,Pretty in Pink (1986),Comedy|Drama|Romance
13,2174,3.0,987456818.0,Beetlejuice (1988),Comedy|Fantasy
13,2541,2.0,987456818.0,Cruel Intentions (1999),Drama
13,2571,5.0,987457007.0,"Matrix, The (1999)",Action|Sci-Fi|Thriller
13,3300,4.0,987895952.0,Pitch Black (2000),Horror|Sci-Fi|Thriller
13,3409,2.0,987895720.0,Final Destination (2000),Drama|Thriller
13,3513,3.0,987895651.0,Rules of Engagement (2000),
13,3578,5.0,987895902.0,Gladiator (2000),Action|Adventure|Drama
13,3624,4.0,987895902.0,Shanghai Noon (2000),Action|Adventure|Comedy|Western
13,3717,3.0,987895952.0,Gone in 60 Seconds (2000),Action|Crime
13,3753,4.0,987895902.0,"Patriot, The (2000)",Action|Drama|War
13,3793,4.0,987895902.0,X-Men (2000),Action|Adventure|Sci-Fi
13,3798,4.0,987895720.0,What Lies Beneath (2000),Drama|Horror|Mystery
13,3827,4.0,987895952.0,Space Cowboys (2000),Action|Adventure|Comedy|Sci-Fi
13,3863,4.0,987896183.0,"Cell, The (2000)",Drama|Horror|Thriller
13,3893,3.0,987895651.0,Nurse Betty (2000),Comedy|Crime|Drama|Romance|Thriller
13,3897,4.0,987895582.0,Almost Famous (2000),Drama
13,3952,3.0,987895651.0,"Contender, The (2000)",Drama|Thriller
13,3977,3.0,987895952.0,Charlie's Angels (2000),Action|Comedy
13,3996,5.0,987895902.0,"Crouching Tiger, Hidden Dragon (Wo hu cang long) (2000)",Action|Drama|Romance
13,4011,5.0,987895651.0,Snatch (2000),
13,4148,4.0,987895720.0,Hannibal (2001),Horror|Thriller
14,4,3.0,835441653.0,Waiting to Exhale (1995),Comedy|Drama|Romance
14,7,3.0,835441989.0,Sabrina (1995),Comedy|Romance
14,19,1.0,835441168.0,Ace Ventura: When Nature Calls (1995),Comedy
14,25,4.0,835441394.0,Leaving Las Vegas (1995),Drama|Romance
14,32,4.0,835441168.0,Twelve Monkeys (a.k.a. 12 Monkeys) (1995),Mystery|Sci-Fi|Thriller
14,39,3.0,835441186.0,Clueless (1995),Comedy|Romance
14,47,5.0,835441133.0,Seven (a.k.a. Se7en) (1995),Mystery|Thriller
14,95,5.0,835441295.0,Broken Arrow (1996),Action|Adventure|Thriller
14,105,3.0,835441371.0,"Bridges of Madison County, The (1995)",Drama|Romance
14,110,,835441107.0,Braveheart (1995),
14,150,4.0,835440977.0,Apollo 13 (1995),Adventure|Drama|IMAX
14,153,2.0,835441012.0,Batman Forever (1995),Action|Adventure|Comedy|Crime
14,193,3.0,835441371.0,Showgirls (1995),Drama
14,231,3.0,835441042.0,Dumb & Dumber (Dumb and Dumber) (1994),Adventure|Comedy
14,266,5.0,835441168.0,Legends of the Fall (1994),Drama|Romance|War|Western
14,282,5.0,835441239.0,Nell (1994),Drama
14,288,4.0,835441107.0,Natural Born Killers (1994),Action|Crime|Thriller
14,296,3.0,835440978.0,Pulp Fiction (1994),Comedy|Crime|Drama|Thriller
14,318,3.0,835441042.0,"Shawshank Redemption, The (1994)",Crime|Drama
14,337,5.0,835441239.0,What's Eating Gilbert Grape (1993),Drama
14,339,4.0,835441066.0,While You Were Sleeping (1995),
14,344,2.0,835441012.0,Ace Ventura: Pet Detective (1994),Comedy
14,351,3.0,835441686.0,"Corrina, Corrina (1994)",Comedy|Drama|Romance
14,356,4.0,835441239.0,Forrest Gump (1994),Comedy|Drama|Romance|War
14,367,1.0,835441210.0,"Mask, The (1994)",
14,376,4.0,,"River Wild, The (1994)",Action|Thriller
14,377,3.0,835441328.0,Speed (1994),Action|Romance|Thriller
14,383,4.0,835441729.0,Wyatt Earp (1994),Western
14,434,4.0,835441066.0,Cliffhanger (1993),Action|Adventure|Thriller
14,448,3.0,835442201.0,Fearless (1993),Drama
14,455,3.0,835441812.0,Free Willy (1993),Adventure|Children|Drama
14,477,4.0,835441578.0,What's Love Got to Do with It? (1993),Drama|Musical
14,480,3.0,835441262.0,Jurassic Park (1993),Action|Adventure|Sci-Fi|Thriller
14,491,3.0,,"Man Without a Face, The (1993)",Drama
14,508,3.0,835441558.0,Philadelphia (1993),Drama
14,509,5.0,835441347.0,"Piano, The (1993)",
14,524,3.0,835442007.0,Rudy (1993),Drama
14,527,,835441371.0,Schindler's List (1993),Drama|War
14,539,4.0,835441415.0,Sleepless in Seattle (1993),Comedy|Drama|Romance
14,540,3.0,835441794.0,Sliver (1993),Thriller
14,552,3.0,835441558.0,"Three Musketeers, The (1993)",Action|Adventure|Comedy|Romance
14,553,4.0,835441239.0,Tombstone (1993),Action|Drama|Western
14,586,3.0,835441451.0,Home Alone (1990),Children|Comedy
14,590,4.0,835440977.0,Dances with Wolves (1990),Adventure|Drama|Western
14,592,2.0,835440976.0,Batman (1989),Action|Crime|Thriller
14,593,4.0,835441086.0,"Silence of the Lambs, The (1991)",Crime|Horror|Thriller
14,597,3.0,835441431.0,Pretty Woman (1990),Comedy|Romance
14,784,1.0,835442447.0,"Cable Guy, The (1996)",Comedy|Thriller
15,1,2.5,1510577970.0,Toy Story (1995),Adventure|Animation|Children|Comedy|Fantasy
15,44,1.0,1299424916.0,Mortal Kombat (1995),Action|Adventure|Fantasy
15,47,3.5,1510571970.0,Seven (a.k.a. Se7en) (1995),Mystery|Thriller
15,158,1.0,1299424840.0,Casper (1995),Adventure|Children
15,172,1.0,1299424762.0,Johnny Mnemonic (1995),
15,256,3.0,,Junior (1994),Comedy|Sci-Fi
15,260,5.0,1510571946.0,Star Wars: Episode IV - A New Hope (1977),Action|Adventure|Sci-Fi
15,293,3.0,1510571962.0,Léon: The Professional (a.k.a. The Professional) (Léon) (1994),Action|Crime|Drama|Thriller
15,296,4.0,1510571877.0,Pulp Fiction (1994),Comedy|Crime|Drama|Thriller
15,318,5.0,1510571866.0,"Shawshank Redemption, The (1994)",Crime|Drama
15,355,1.0,1299425002.0,"Flintstones, The (1994)",Children|Comedy|Fantasy
15,356,5.0,1510571873.0,Forrest Gump (1994),Comedy|Drama|Romance|War
15,364,3.0,,"Lion King, The (1994)",Adventure|Animation|Children|Drama|Musical|IMAX
15,527,5.0,1510571982.0,Schindler's List (1993),Drama|War
15,588,3.0,1510577985.0,Aladdin (1992),Adventure|Animation|Children|Comedy|Musical
15,589,5.0,1510572012.0,Terminator 2: Judgment Day (1991),Action|Sci-Fi
15,596,,1510578088.0,Pinocchio (1940),Animation|Children|Fantasy|Musical
15,780,3.5,1510572881.0,Independence Day (a.k.a. ID4) (1996),Action|Adventure|Sci-Fi|Thriller
15,849,2.0,1299425064.0,Escape from L.A. (1996),Action|Adventure|Sci-Fi|Thriller
15,858,,1510571941.0,"Godfather, The (1972)",Crime|Drama
15,1196,5.0,1510572645.0,Star Wars: Episode V - The Empire Strikes Back (1980),Action|Adventure|Sci-Fi
15,1198,4.0,1510571989.0,Raiders of the Lost Ark (Indiana Jones and the Raiders of the Lost Ark) (1981),
15,1200,5.0,1510572775.0,Aliens (1986),Action|Adventure|Horror|Sci-Fi
15,1210,5.0,1510572653.0,Star Wars: Episode VI - Return of the Jedi (1983),Action|Adventure|Sci-Fi
15,1214,5.0,1510572684.0,Alien (1979),Horror|Sci-Fi
15,1240,4.0,1510572646.0,"Terminator, The (1984)",Action|Sci-Fi|Thriller
15,1265,3.5,1510572001.0,Groundhog Day (1993),Comedy|Fantasy|Romance
15,1270,5.0,1510571953.0,Back to the Future (1985),Adventure|Comedy|Sci-Fi
15,1347,3.0,1299425144.0,"Nightmare on Elm Street, A (1984)",Horror|Thriller
15,1527,3.0,1510572660.0,"Fifth Element, The (1997)",Action|Adventure|Comedy|Sci-Fi
15,1653,4.5,1510572798.0,Gattaca (1997),Drama|Sci-Fi|Thriller
15,1909,2.5,1299424890.0,"X-Files: Fight the Future, The (1998)",Action|Crime|Mystery|Sci-Fi|Thriller
15,2001,5.0,1299424826.0,Lethal Weapon 2 (1989),Action|Comedy|Crime|Drama
15,2011,5.0,1510572060.0,Back to the Future Part II (1989),Adventure|Comedy|Sci-Fi
15,2012,4.0,1510572114.0,Back to the Future Part III (1990),Adventure|Comedy|Sci-Fi|Western
15,2028,3.5,1510571984.0,Saving Private Ryan (1998),Action|Drama|War
15,2081,3.0,1510578011.0,"Little Mermaid, The (1989)",Animation|Children|Comedy|Musical|Romance
15,2085,1.5,1510578050.0,101 Dalmatians (One Hundred and One Dalmatians) (1961),Adventure|Animation|Children
15,2150,5.0,1299425040.0,"Gods Must Be Crazy, The (1980)",Adventure|Comedy
15,2278,,1299424998.0,Ronin (1998),Action|Crime|Thriller
15,2329,,1510572005.0,American History X (1998),Crime|Drama
15,2571,4.0,1510571744.0,"Matrix, The (1999)",Action|Sci-Fi|Thriller
15,2762,3.0,1510571764.0,"Sixth Sense, The (1999)",Drama|Horror|Mystery
15,2858,4.0,1510571751.0,American Beauty (1999),Drama|Romance
15,2916,4.5,1510572872.0,Total Recall (1990),Action|Adventure|Sci-Fi|Thriller
15,2959,2.5,1510571747.0,Fight Club (1999),Action|Crime|Drama|Thriller
15,3147,5.0,1510571797.0,"Green Mile, The (1999)",Crime|Drama
15,3156,5.0,1510573324.0,Bicentennial Man (1999),Drama|Romance|Sci-Fi
15,3499,4.0,1510572526.0,Misery (1990),Drama|Horror|Thriller
15,3510,,1299425097.0,Frequency (2000),Drama|Thriller
15,3535,3.5,1510572486.0,American Psycho (2000),
15,3555,4.0,1299425208.0,U-571 (2000),Action|Thriller|War
15,3578,5.0,1510571768.0,Gladiator (2000),Action|Adventure|Drama
15,3617,,1299425200.0,Road Trip (2000),Comedy
15,3753,3.0,1510571680.0,"Patriot, The (2000)",Action|Drama|War
15,3949,4.0,1510572144.0,Requiem for a Dream (2000),Drama
15,3994,3.0,1510571677.0,Unbreakable (2000),Drama|Sci-Fi
15,4018,4.0,1299425113.0,What Women Want (2000),Comedy|Romance
15,4022,3.5,1510572048.0,Cast Away (2000),
15,4226,1.5,1510571774.0,Memento (2000),Mystery|Thriller
15,4306,3.0,1510577965.0,Shrek (2001),Adventure|Animation|Children|Comedy|Fantasy|Romance
15,4370,4.0,1510573239.0,A.I. Artificial Intelligence (2001),Adventure|Drama|Sci-Fi
15,4720,5.0,1510571736.0,"Others, The (2001)",Drama|Horror|Mystery|Thriller
15,4886,3.5,1510577956.0,"Monsters, Inc. (2001)",Adventure|Animation|Children|Comedy|Fantasy
15,4993,,1510571754.0,"Lord of the Rings: The Fellowship of the Ring, The (2001)",Adventure|Fantasy
15,4995,5.0,1510571789.0,"Beautiful Mind, A (2001)",
15,5445,4.0,1510571793.0,Minority Report (2002),Action|Crime|Mystery|Sci-Fi|Thriller
15,5618,3.0,1510578001.0,Spirited Away (Sen to Chihiro no kamikakushi) (2001),Adventure|Animation|Fantasy
15,5952,,1510571759.0,"Lord of the Rings: The Two Towers, The (2002)",Adventure|Fantasy
15,5971,2.0,1510577982.0,My Neighbor Totoro (Tonari no Totoro) (1988),Animation|Children|Drama|Fantasy
15,5989,,1510571938.0,Catch Me If You Can (2002),Crime|Drama
15,6377,3.0,1510577979.0,Finding Nemo (2003),Adventure|Animation|Children|Comedy
15,6502,3.5,1510571682.0,28 Days Later (2002),Action|Horror|Sci-Fi
15,6874,3.0,1510572077.0,Kill Bill: Vol. 1 (2003),Action|Crime|Thriller
15,7254,3.5,1510572802.0,The Butterfly Effect (2004),Drama|Sci-Fi|Thriller
15,7438,3.0,1510572163.0,Kill Bill: Vol. 2 (2004),Action|Drama|Thriller
15,8360,2.5,1510578083.0,Shrek 2 (2004),Adventure|Animation|Children|Comedy|Musical|Romance
15,8644,3.5,1510572823.0,"I, Robot (2004)",Action|Adventure|Sci-Fi|Thriller
15,8961,,1510577973.0,"Incredibles, The (2004)",Action|Adventure|Animation|Children|Comedy
15,33493,5.0,,Star Wars: Episode III - Revenge of the Sith (2005),Action|Adventure|Sci-Fi
15,48304,4.5,1510572550.0,Apocalypto (2006),Adventure|Drama|Thriller
15,48774,3.0,1510573220.0,Children of Men (2006),Action|Adventure|Drama|Sci-Fi|Thriller
15,48780,4.5,,"Prestige, The (2006)",Drama|Mystery|Sci-Fi|Thriller
15,50872,3.0,1510577962.0,Ratatouille (2007),Animation|Children|Drama
15,56174,3.5,1510572810.0,I Am Legend (2007),Action|Horror|Sci-Fi|Thriller|IMAX
15,58559,2.0,1510571886.0,"Dark Knight, The (2008)",Action|Crime|Drama|IMAX
15,59315,2.0,1510572096.0,Iron Man (2008),Action|Adventure|Sci-Fi
15,60069,3.5,1510577951.0,WALL·E (2008),Adventure|Animation|Children|Romance|Sci-Fi
15,63859,3.0,1510578158.0,Bolt (2008),Action|Adventure|Animation|Children|Comedy
15,64614,4.0,1510572137.0,Gran Torino (2008),Crime|Drama
15,68237,3.0,1510572824.0,Moon (2009),Drama|Mystery|Sci-Fi|Thriller
15,68954,3.5,1510577953.0,Up (2009),Adventure|Animation|Children|Drama
15,69757,4.0,1299425345.0,(500) Days of Summer (2009),Comedy|Drama|Romance
15,70286,3.5,1510572656.0,District 9 (2009),Mystery|Sci-Fi|Thriller
15,71057,4.0,1510578034.0,9 (2009),Adventure|Animation|Sci-Fi
15,71264,2.5,,Cloudy with a Chance of Meatballs (2009),Animation|Children|Fantasy|IMAX
15,72998,3.0,1510572052.0,Avatar (2009),Action|Adventure|Sci-Fi|IMAX
15,79132,3.5,1510571930.0,Inception (2010),Action|Crime|Drama|Mystery|Sci-Fi|Thriller|IMAX
15,84152,,1510572834.0,Limitless (2011),Sci-Fi|Thriller
15,84954,4.5,1510573398.0,"Adjustment Bureau, The (2011)",Romance|Sci-Fi|Thriller
15,85414,3.5,1510572833.0,Source Code (2011),Action|Drama|Mystery|Sci-Fi|Thriller
15,89745,2.0,1510572842.0,"Avengers, The (2012)",Action|Adventure|Sci-Fi|IMAX
15,91500,3.0,1510573214.0,The Hunger Games (2012),Action|Adventure|Drama|Sci-Fi|Thriller
15,91529,2.0,1510571987.0,"Dark Knight Rises, The (2012)",Action|Adventure|Crime|IMAX
15,94864,3.0,1510572894.0,Prometheus (2012),Action|Horror|Sci-Fi|IMAX
15,96610,3.0,1510572815.0,Looper (2012),Action|Crime|Sci-Fi
15,97938,4.0,1510572473.0,Life of Pi (2012),Adventure|Drama|IMAX
15,99114,1.0,1510571958.0,Django Unchained (2012),Action|Drama|Western
15,101864,4.0,1510572902.0,Oblivion (2013),Action|Adventure|Sci-Fi|IMAX
15,103249,3.5,1510573234.0,World War Z (2013),Action|Drama|Horror|IMAX
15,104841,4.5,1510572095.0,Gravity (2013),Action|Sci-Fi|IMAX
15,105504,4.0,1510572616.0,Captain Phillips (2013),Adventure|Drama|Thriller|IMAX
15,109374,2.0,1510572056.0,"Grand Budapest Hotel, The (2014)",Comedy|Drama
15,109487,4.0,1510571878.0,Interstellar (2014),
15,110102,1.5,1510573153.0,Captain America: The Winter Soldier (2014),Action|Adventure|Sci-Fi|IMAX
15,111759,4.5,1510572026.0,Edge of Tomorrow (2014),Action|Sci-Fi|IMAX
15,112556,4.5,1510572466.0,Gone Girl (2014),Drama|Thriller
15,112852,1.5,1510571973.0,Guardians of the Galaxy (2014),Action|Adventure|Sci-Fi
15,115149,2.0,1510572159.0,John Wick (2014),Action|Thriller
15,115713,2.0,1510572009.0,Ex Machina (2015),Drama|Sci-Fi|Thriller
15,120466,2.5,1510573154.0,Chappie (2015),Action|Thriller
15,122882,,1510572126.0,Mad Max: Fury Road (2015),Action|Adventure|Sci-Fi|Thriller
15,122886,,1510572679.0,Star Wars: Episode VII - The Force Awakens (2015),Action|Adventure|Fantasy|Sci-Fi|IMAX
15,122904,2.0,,Deadpool (2016),Action|Adventure|Comedy|Sci-Fi
15,122922,2.0,1510572670.0,Doctor Strange (2016),Action|Adventure|Sci-Fi
15,122924,1.0,1510573305.0,X-Men: Apocalypse (2016),Action|Adventure|Fantasy|Sci-Fi
15,134130,4.0,1510571883.0,The Martian (2015),Adventure|Drama|Sci-Fi
15,134853,4.5,1510572481.0,Inside Out (2015),Adventure|Animation|Children|Comedy|Drama|Fantasy
15,143385,3.0,1510572581.0,Bridge of Spies (2015),Drama|Thriller
15,152077,5.0,1510572535.0,10 Cloverfield Lane (2016),Thriller
15,152081,3.0,,Zootopia (2016),Action|Adventure|Animation|Children|Comedy
15,158872,3.5,1510578028.0,Sausage Party (2016),Animation|Comedy
15,160980,3.5,1510572512.0,Sully (2016),Drama
15,166528,5.0,1510572789.0,Rogue One: A Star Wars Story (2016),Action|Adventure|Fantasy|Sci-Fi
15,166635,,1510572516.0,Passengers (2016),
16,47,3.5,1377477814.0,Seven (a.k.a. Se7en) (1995),Mystery|Thriller
16,50,4.0,1377476781.0,"Usual Suspects, The (1995)",Crime|Mystery|Thriller
16,111,4.5,1377477446.0,Taxi Driver (1976),Crime|Drama|Thriller
16,204,2.0,1377476617.0,Under Siege 2: Dark Territory (1995),Action
16,260,3.0,1377476936.0,Star Wars: Episode IV - A New Hope (1977),Action|Adventure|Sci-Fi
16,293,4.0,1377477870.0,Léon: The Professional (a.k.a. The Professional) (Léon) (1994),Action|Crime|Drama|Thriller
16,296,3.0,1377477302.0,Pulp Fiction (1994),Comedy|Crime|Drama|Thriller
16,318,4.0,1377476766.0,"Shawshank Redemption, The (1994)",Crime|Drama
16,319,4.0,1377476675.0,Shallow Grave (1994),Comedy|Drama|Thriller
16,356,3.5,1377477951.0,Forrest Gump (1994),Comedy|Drama|Romance|War
16,527,4.0,1377476787.0,Schindler's List (1993),Drama|War
16,541,4.5,1377477340.0,Blade Runner (1982),Action|Sci-Fi|Thriller
16,593,3.0,1377476977.0,"Silence of the Lambs, The (1991)",Crime|Horror|Thriller
16,608,4.5,1377477406.0,Fargo (1996),Comedy|Crime|Drama|Thriller
16,678,4.0,1377477470.0,Some Folks Call It a Sling Blade (1993),Drama|Thriller
16,745,4.0,1377476943.0,Wallace & Gromit: A Close Shave (1995),Animation|Children|Comedy
16,750,4.5,1377476825.0,Dr. Strangelove or: How I Learned to Stop Worrying and Love the Bomb (1964),Comedy|War
16,849,4.0,1377476589.0,Escape from L.A. (1996),Action|Adventure|Sci-Fi|Thriller
16,858,2.5,1377476772.0,"Godfather, The (1972)",Crime|Drama
16,904,3.5,1377476805.0,Rear Window (1954),Mystery|Thriller
16,912,3.5,1377476810.0,Casablanca (1942),Drama|Romance
16,913,4.0,1377477016.0,"Maltese Falcon, The (1941)",Film-Noir|Mystery
16,923,3.5,1377477349.0,Citizen Kane (1941),
16,1089,4.0,1377477608.0,Reservoir Dogs (1992),Crime|Mystery|Thriller
16,1136,4.0,1377476972.0,Monty Python and the Holy Grail (1975),Adventure|Comedy|Fantasy
16,1147,4.0,1377477315.0,When We Were Kings (1996),Documentary
16,1148,4.0,1377476909.0,Wallace & Gromit: The Wrong Trousers (1993),Animation|Children|Comedy|Crime
16,1186,3.5,1377476649.0,"Sex, Lies, and Videotape (1989)",Drama
16,1188,2.5,1377476656.0,Strictly Ballroom (1992),Comedy|Romance
16,1193,,1377476813.0,One Flew Over the Cuckoo's Nest (1975),Drama
16,1196,3.0,1377476993.0,Star Wars: Episode V - The Empire Strikes Back (1980),Action|Adventure|Sci-Fi
16,1197,4.0,1377477008.0,"Princess Bride, The (1987)",Action|Adventure|Comedy|Fantasy|Romance
16,1198,3.5,1377476852.0,Raiders of the Lost Ark (Indiana Jones and the Raiders of the Lost Ark) (1981),Action|Adventure
16,1199,5.0,1377477911.0,Brazil (1985),Fantasy|Sci-Fi
16,1201,3.0,1377477410.0,"Good, the Bad and the Ugly, The (Buono, il brutto, il cattivo, Il) (1966)",Action|Adventure|Western
16,1203,4.0,1377476856.0,12 Angry Men (1957),Drama
16,1207,4.0,1377476891.0,To Kill a Mockingbird (1962),Drama
16,1208,4.0,1377477450.0,Apocalypse Now (1979),Action|Drama|War
16,1213,3.5,,Goodfellas (1990),Crime|Drama
16,1214,,1377477839.0,Alien (1979),Horror|Sci-Fi
16,1219,,1377477594.0,Psycho (1960),Crime|Horror
16,1222,4.5,1377477957.0,Full Metal Jacket (1987),Drama|War
16,1223,4.0,1377477855.0,"Grand Day Out with Wallace and Gromit, A (1989)",Adventure|Animation|Children|Comedy|Sci-Fi
16,1230,4.0,,Annie Hall (1977),Comedy|Romance
16,1247,4.0,1377477535.0,"Graduate, The (1967)",Comedy|Drama|Romance
16,1252,4.5,1377476948.0,Chinatown (1974),Crime|Film-Noir|Mystery|Thriller
16,1260,4.0,1377476887.0,M (1931),Crime|Film-Noir|Thriller
16,1261,4.0,1377476629.0,Evil Dead II (Dead by Dawn) (1987),Action|Comedy|Fantasy|Horror
16,1267,4.0,1377477387.0,"Manchurian Candidate, The (1962)",Crime|Thriller|War
16,1276,4.0,1377477457.0,Cool Hand Luke (1967),Drama
16,1281,3.0,1377477580.0,"Great Dictator, The (1940)",Comedy|Drama|War
16,1299,4.0,1377477583.0,"Killing Fields, The (1984)",Drama|War
16,1617,,1377477542.0,L.A. Confidential (1997),Crime|Film-Noir|Mystery|Thriller
16,1680,3.5,1377476680.0,Sliding Doors (1998),Drama|Romance
16,1704,,1377477954.0,Good Will Hunting (1997),Drama|Romance
16,2019,4.0,1377476792.0,Seven Samurai (Shichinin no samurai) (1954),Action|Adventure|Drama
16,2109,3.5,1377476690.0,"Jerk, The (1979)",Comedy
16,2329,3.5,,American History X (1998),Crime|Drama
16,2427,1.5,1377476573.0,"Thin Red Line, The (1998)",Action|Drama|War
16,2490,3.0,1377476611.0,Payback (1999),Action|Thriller
16,2571,3.5,1377476921.0,"Matrix, The (1999)",Action|Sci-Fi|Thriller
16,2641,3.0,1377476582.0,Superman II (1980),Action|Sci-Fi
16,2707,3.5,1377476693.0,Arlington Road (1999),Thriller
16,2723,3.5,1377476594.0,Mystery Men (1999),Action|Comedy|Fantasy
16,2762,3.5,1377477612.0,"Sixth Sense, The (1999)",Drama|Horror|Mystery
16,2858,3.5,1377476998.0,American Beauty (1999),Drama|Romance
16,2959,3.5,1377476874.0,Fight Club (1999),Action|Crime|Drama|Thriller
16,3000,4.0,1377477521.0,Princess Mononoke (Mononoke-hime) (1997),Action|Adventure|Animation|Drama|Fantasy
16,3022,3.5,1377477000.0,"General, The (1926)",Comedy|War
16,3108,4.0,1377476635.0,"Fisher King, The (1991)",Comedy|Drama|Fantasy|Romance
16,3174,3.5,1377476640.0,Man on the Moon (1999),Comedy|Drama
16,3429,3.5,1377477379.0,Creature Comforts (1989),Animation|Comedy
16,3683,4.0,1377477908.0,Blood Simple (1984),Crime|Drama|Film-Noir
16,3741,4.0,1377477903.0,Badlands (1973),Crime|Drama|Thriller
16,3949,4.0,1377477886.0,Requiem for a Dream (2000),Drama
16,4002,3.5,1377476669.0,"Planes, Trains & Automobiles (1987)",
16,4011,3.0,1377477891.0,Snatch (2000),Comedy|Crime|Thriller
16,4226,,1377476925.0,Memento (2000),Mystery|Thriller
16,4878,,1377477936.0,Donnie Darko (2001),Drama|Mystery|Sci-Fi|Thriller
16,4973,4.0,1377476860.0,"Amelie (Fabuleux destin d'Amélie Poulain, Le) (2001)",Comedy|Romance
16,4993,3.5,1377477289.0,"Lord of the Rings: The Fellowship of the Ring, The (2001)",Adventure|Fantasy
16,5618,4.5,1377476877.0,Spirited Away (Sen to Chihiro no kamikakushi) (2001),Adventure|Animation|Fantasy
16,5782,4.0,1377477435.0,"Professional, The (Le professionnel) (1981)",Action|Drama|Thriller
16,5952,3.5,1377477424.0,"Lord of the Rings: The Two Towers, The (2002)",Adventure|Fantasy
16,5971,4.0,1377477298.0,My Neighbor Totoro (Tonari no Totoro) (1988),Animation|Children|Drama|Fantasy
16,6350,3.5,1377477637.0,Laputa: Castle in the Sky (Tenkû no shiro Rapyuta) (1986),Action|Adventure|Animation|Children|Fantasy|Sci-Fi
16,7099,3.5,1377477464.0,Nausicaä of the Valley of the Wind (Kaze no tani no Naushika) (1984),Adventure|Animation|Drama|Fantasy|Sci-Fi
16,7153,3.5,1377477293.0,"Lord of the Rings: The Return of the King, The (2003)",Action|Adventure|Drama|Fantasy
16,7361,3.5,1377477402.0,Eternal Sunshine of the Spotless Mind (2004),Drama|Romance|Sci-Fi
16,27611,4.0,1377477684.0,Battlestar Galactica (2003),Drama|Sci-Fi|War
16,27773,4.0,1377477507.0,Old Boy (2003),Mystery|Thriller
16,48394,4.0,1377477809.0,"Pan's Labyrinth (Laberinto del fauno, El) (2006)",Drama|Fantasy|Thriller
16,58559,4.5,1377476817.0,"Dark Knight, The (2008)",Action|Crime|Drama|IMAX
16,60069,4.0,1377477834.0,WALL·E (2008),Adventure|Animation|Children|Romance|Sci-Fi
16,68954,4.0,1377477654.0,Up (2009),Adventure|Animation|Children|Drama
16,78499,,1377477830.0,Toy Story 3 (2010),Adventure|Animation|Children|Comedy|Fantasy|IMAX
16,79132,3.0,1377476916.0,Inception (2010),Action|Crime|Drama|Mystery|Sci-Fi|Thriller|IMAX
16,91529,4.5,1377477940.0,"Dark Knight Rises, The (2012)",Action|Adventure|Crime|IMAX
17,1,4.5,1305696483.0,Toy Story (1995),Adventure|Animation|Children|Comedy|Fantasy
17,44,3.5,1305696245.0,Mortal Kombat (1995),Action|Adventure|Fantasy
17,47,4.0,1307262715.0,Seven (a.k.a. Se7en) (1995),Mystery|Thriller
17,50,4.5,1305697013.0,"Usual Suspects, The (1995)",Crime|Mystery|Thriller
17,110,4.5,1305696470.0,Braveheart (1995),Action|Drama|War
17,111,4.0,1326943208.0,Taxi Driver (1976),Crime|Drama|Thriller
17,150,3.5,1305696497.0,Apollo 13 (1995),Adventure|Drama|IMAX
17,260,5.0,1305696468.0,Star Wars: Episode IV - A New Hope (1977),Action|Adventure|Sci-Fi
17,293,3.5,1307262308.0,Léon: The Professional (a.k.a. The Professional) (Léon) (1994),
17,296,5.0,1305696455.0,Pulp Fiction (1994),Comedy|Crime|Drama|Thriller
17,318,5.0,1305696465.0,"Shawshank Redemption, The (1994)",Crime|Drama
17,356,5.0,1305696457.0,Forrest Gump (1994),Comedy|Drama|Romance|War
17,480,4.5,1305696463.0,Jurassic Park (1993),Action|Adventure|Sci-Fi|Thriller
17,527,4.5,1305696664.0,Schindler's List (1993),
17,541,3.5,1322628857.0,Blade Runner (1982),Action|Sci-Fi|Thriller
17,589,4.5,1305696475.0,Terminator 2: Judgment Day (1991),Action|Sci-Fi
17,590,4.5,1305696492.0,Dances with Wolves (1990),Adventure|Drama|Western
17,592,4.5,1305696480.0,Batman (1989),Action|Crime|Thriller
17,593,,1305696461.0,"Silence of the Lambs, The (1991)",Crime|Horror|Thriller
17,750,4.5,1307262443.0,Dr. Strangelove or: How I Learned to Stop Worrying and Love the Bomb (1964),Comedy|War
17,780,4.0,1305696486.0,Independence Day (a.k.a. ID4) (1996),Action|Adventure|Sci-Fi|Thriller
17,858,5.0,1305696683.0,"Godfather, The (1972)",Crime|Drama
17,899,3.5,1305696265.0,Singin' in the Rain (1952),Comedy|Musical|Romance
17,904,4.0,1307262274.0,Rear Window (1954),Mystery|Thriller
17,910,,1305696226.0,Some Like It Hot (1959),Comedy|Crime
17,1032,4.5,1305696325.0,Alice in Wonderland (1951),Adventure|Animation|Children|Fantasy|Musical
17,1036,4.0,1305696741.0,Die Hard (1988),Action|Crime|Thriller
17,1089,4.0,1307262280.0,Reservoir Dogs (1992),Crime|Mystery|Thriller
17,1090,4.5,1322629080.0,Platoon (1986),Drama|War
17,1093,,1305696318.0,"Doors, The (1991)",Drama
17,1100,3.5,1305696352.0,Days of Thunder (1990),Action|Drama|Romance
17,1193,4.5,1305696771.0,One Flew Over the Cuckoo's Nest (1975),Drama
17,1196,5.0,1305696635.0,Star Wars: Episode V - The Empire Strikes Back (1980),Action|Adventure|Sci-Fi
17,1197,3.5,1305696774.0,"Princess Bride, The (1987)",Action|Adventure|Comedy|Fantasy|Romance
17,1198,4.5,1305696619.0,Raiders of the Lost Ark (Indiana Jones and the Raiders of the Lost Ark) (1981),Action|Adventure
17,1201,5.0,1305696878.0,"Good, the Bad and the Ugly, The (Buono, il brutto, il cattivo, Il) (1966)",Action|Adventure|Western
17,1206,5.0,1322628945.0,"Clockwork Orange, A (1971)",Crime|Drama|Sci-Fi|Thriller
17,1209,3.5,1307262267.0,Once Upon a Time in the West (C'era una volta il West) (1968),Action|Drama|Western
17,1210,5.0,1305696490.0,Star Wars: Episode VI - Return of the Jedi (1983),Action|Adventure|Sci-Fi
17,1213,4.5,1305696699.0,Goodfellas (1990),Crime|Drama
17,1221,4.5,1305696752.0,"Godfather: Part II, The (1974)",Crime|Drama
17,1222,4.5,1305696870.0,Full Metal Jacket (1987),Drama|War
17,1228,4.5,,Raging Bull (1980),Drama
17,1234,4.0,1305696795.0,"Sting, The (1973)",Comedy|Crime
17,1240,5.0,1305696931.0,"Terminator, The (1984)",Action|Sci-Fi|Thriller
17,1252,4.0,1307262291.0,Chinatown (1974),Crime|Film-Noir|Mystery|Thriller
17,1258,4.0,1322628838.0,"Shining, The (1980)",Horror
17,1259,4.0,1305696786.0,Stand by Me (1986),Adventure|Drama
17,1263,4.0,1305696254.0,"Deer Hunter, The (1978)",Drama|War
17,1270,4.5,1305696846.0,Back to the Future (1985),Adventure|Comedy|Sci-Fi
17,1291,4.0,1305696691.0,Indiana Jones and the Last Crusade (1989),Action|Adventure
17,1358,3.0,1322629202.0,Sling Blade (1996),Drama
17,1375,3.5,1305696232.0,Star Trek III: The Search for Spock (1984),Action|Adventure|Sci-Fi
17,1405,4.0,1305696277.0,Beavis and Butt-Head Do America (1996),Adventure|Animation|Comedy|Crime
17,1466,3.0,1322629229.0,Donnie Brasco (1997),Crime|Drama
17,1732,5.0,1322629209.0,"Big Lebowski, The (1998)",Comedy|Crime
17,1967,4.0,1305696313.0,Labyrinth (1986),Adventure|Fantasy|Musical
17,2005,4.0,1305696258.0,"Goonies, The (1985)",Action|Adventure|Children|Comedy|Fantasy
17,2019,3.5,1307262285.0,Seven Samurai (Shichinin no samurai) (1954),Action|Adventure|Drama
17,2028,4.5,1305696726.0,Saving Private Ryan (1998),Action|Drama|War
17,2194,4.0,1305696788.0,"Untouchables, The (1987)",Action|Crime|Drama
17,2329,4.5,1305696670.0,American History X (1998),Crime|Drama
17,2502,,1322629245.0,Office Space (1999),Comedy|Crime
17,2571,5.0,1305696756.0,"Matrix, The (1999)",Action|Sci-Fi|Thriller
17,2717,,1305696306.0,Ghostbusters II (1989),Comedy|Fantasy|Sci-Fi
17,2762,4.0,1305696835.0,"Sixth Sense, The (1999)",Drama|Horror|Mystery
17,2858,4.0,1322628761.0,American Beauty (1999),Drama|Romance
17,2959,4.5,1305696867.0,Fight Club (1999),Action|Crime|Drama|Thriller
17,3039,4.5,1305696285.0,Trading Places (1983),Comedy
17,3147,4.5,,"Green Mile, The (1999)",Crime|Drama
17,3263,4.0,1305696358.0,White Men Can't Jump (1992),Comedy|Drama
17,3435,3.5,1307262260.0,Double Indemnity (1944),Crime|Drama|Film-Noir
17,3508,4.0,1305696721.0,"Outlaw Josey Wales, The (1976)",Action|Adventure|Drama|Thriller|Western
17,3681,4.5,1307262300.0,For a Few Dollars More (Per qualche dollaro in più) (1965),Action|Drama|Thriller|Western
17,3702,,1305696292.0,Mad Max (1979),Action|Adventure|Sci-Fi
17,3949,4.5,1322629083.0,Requiem for a Dream (2000),Drama
17,4226,4.0,1305696762.0,Memento (2000),Mystery|Thriller
17,4571,4.0,1305696310.0,Bill & Ted's Excellent Adventure (1989),Adventure|Comedy|Sci-Fi
17,4993,4.5,1305696817.0,"Lord of the Rings: The Fellowship of the Ring, The (2001)",Adventure|Fantasy
17,5618,5.0,,Spirited Away (Sen to Chihiro no kamikakushi) (2001),Adventure|Animation|Fantasy
17,5782,4.0,1305696779.0,"Professional, The (Le professionnel) (1981)",Action|Drama|Thriller
17,5952,5.0,1305696823.0,"Lord of the Rings: The Two Towers, The (2002)",Adventure|Fantasy
17,5971,4.0,1326943200.0,My Neighbor Totoro (Tonari no Totoro) (1988),Animation|Children|Drama|Fantasy
17,6016,4.5,1322628668.0,City of God (Cidade de Deus) (2002),Action|Adventure|Crime|Drama|Thriller
17,6350,5.0,,Laputa: Castle in the Sky (Tenkû no shiro Rapyuta) (1986),Action|Adventure|Animation|Children|Fantasy|Sci-Fi
17,6870,3.5,1322629189.0,Mystic River (2003),Crime|Drama|Mystery
17,7099,5.0,1322628786.0,Nausicaä of the Valley of the Wind (Kaze no tani no Naushika) (1984),Adventure|Animation|Drama|Fantasy|Sci-Fi
17,7153,4.5,1305696820.0,"Lord of the Rings: The Return of the King, The (2003)",Action|Adventure|Drama|Fantasy
17,7482,4.0,1305696864.0,Enter the Dragon (1973),
17,27773,4.0,1322628790.0,Old Boy (2003),Mystery|Thriller
17,31658,4.5,1322629178.0,Howl's Moving Castle (Hauru no ugoku shiro) (2004),Adventure|Animation|Fantasy|Romance
17,33794,4.0,1305696851.0,Batman Begins (2005),Action|Crime|IMAX
17,48394,4.5,1322629142.0,"Pan's Labyrinth (Laberinto del fauno, El) (2006)",Drama|Fantasy|Thriller
17,48516,4.0,1305696748.0,"Departed, The (2006)",Crime|Drama|Thriller
17,58559,4.5,1305696675.0,"Dark Knight, The (2008)",Action|Crime|Drama|IMAX
17,60069,3.5,1305696839.0,WALL·E (2008),Adventure|Animation|Children|Romance|Sci-Fi
17,64839,3.5,1322629112.0,"Wrestler, The (2008)",Drama
17,68157,4.0,1305696894.0,Inglourious Basterds (2009),Action|Drama|War
17,68358,4.5,1322629267.0,Star Trek (2009),Action|Adventure|Sci-Fi|IMAX
17,77455,3.5,1307262449.0,Exit Through the Gift Shop (2010),
17,78499,4.0,1305696624.0,Toy Story 3 (2010),Adventure|Animation|Children|Comedy|Fantasy|IMAX
17,79132,4.5,1305696716.0,Inception (2010),Action|Crime|Drama|Mystery|Sci-Fi|Thriller|IMAX
17,80463,4.0,1305696734.0,"Social Network, The (2010)",Drama
17,81932,3.5,1305696681.0,"Fighter, The (2010)",Drama
17,82459,4.0,1305696644.0,True Grit (2010),
18,1,3.5,1455209816.0,Toy Story (1995),Adventure|Animation|Children|Comedy|Fantasy
18,2,3.0,1455617462.0,Jumanji (1995),Adventure|Children|Fantasy
18,6,4.0,1460138360.0,Heat (1995),
18,16,4.5,1461311583.0,Casino (1995),Crime|Drama
18,32,4.0,1455209840.0,Twelve Monkeys (a.k.a. 12 Monkeys) (1995),Mystery|Sci-Fi|Thriller
18,34,2.5,1455617533.0,Babe (1995),Children|Drama
18,36,4.0,,Dead Man Walking (1995),Crime|Drama
18,47,4.5,1455050013.0,Seven (a.k.a. Se7en) (1995),Mystery|Thriller
18,50,5.0,1455049343.0,"Usual Suspects, The (1995)",Crime|Mystery|Thriller
18,70,3.5,1455735732.0,From Dusk Till Dawn (1996),Action|Comedy|Horror|Thriller
18,104,2.5,1455748792.0,Happy Gilmore (1996),Comedy
18,110,4.5,1455050170.0,Braveheart (1995),Action|Drama|War
18,111,4.0,1458516249.0,Taxi Driver (1976),Crime|Drama|Thriller
18,145,3.5,1456864434.0,Bad Boys (1995),Action|Comedy|Crime|Drama|Thriller
18,163,4.0,1455748933.0,Desperado (1995),Action|Romance|Western
18,165,4.0,1455209902.0,Die Hard: With a Vengeance (1995),Action|Crime|Thriller
18,180,4.0,1455617692.0,Mallrats (1995),Comedy|Romance
18,208,3.0,1455617516.0,Waterworld (1995),Action|Adventure|Sci-Fi
18,223,4.0,1455617470.0,Clerks (1994),Comedy
18,231,2.5,,Dumb & Dumber (Dumb and Dumber) (1994),Adventure|Comedy
18,235,4.5,1455529905.0,Ed Wood (1994),Comedy|Drama
18,260,4.0,1455049368.0,Star Wars: Episode IV - A New Hope (1977),Action|Adventure|Sci-Fi
18,288,4.0,1455617466.0,Natural Born Killers (1994),Action|Crime|Thriller
18,293,4.5,1455050049.0,Léon: The Professional (a.k.a. The Professional) (Léon) (1994),Action|Crime|Drama|Thriller
18,296,4.0,1455050745.0,Pulp Fiction (1994),Comedy|Crime|Drama|Thriller
18,318,5.0,1455049328.0,"Shawshank Redemption, The (1994)",Crime|Drama
18,329,,1455231677.0,Star Trek: Generations (1994),Adventure|Drama|Sci-Fi
18,337,4.0,1455748833.0,What's Eating Gilbert Grape (1993),Drama
18,344,2.5,1455209869.0,Ace Ventura: Pet Detective (1994),Comedy
18,356,4.5,1455050112.0,Forrest Gump (1994),Comedy|Drama|Romance|War
18,364,3.0,1455209887.0,"Lion King, The (1994)",Adventure|Animation|Children|Drama|Musical|IMAX
18,367,2.5,1455618093.0,"Mask, The (1994)",Action|Comedy|Crime|Fantasy
18,370,3.0,1455748940.0,Naked Gun 33 1/3: The Final Insult (1994),Action|Comedy
18,374,2.5,1455617791.0,Richie Rich (1994),Children|Comedy
18,377,2.5,1455209879.0,Speed (1994),Action|Romance|Thriller
18,380,2.5,1455209846.0,True Lies (1994),Action|Adventure|Comedy|Romance|Thriller
18,431,4.0,1462138790.0,Carlito's Way (1993),Crime|Drama
18,435,2.0,1459946774.0,Coneheads (1993),Comedy|Sci-Fi
18,442,3.0,1455748803.0,Demolition Man (1993),Action|Adventure|Sci-Fi
18,457,3.5,1477432493.0,"Fugitive, The (1993)",Thriller
18,466,2.5,1459946776.0,Hot Shots! Part Deux (1993),Action|Comedy|War
18,480,3.5,1455209811.0,Jurassic Park (1993),Action|Adventure|Sci-Fi|Thriller
18,500,3.5,1455618095.0,Mrs. Doubtfire (1993),Comedy|Drama
18,502,2.0,1456864767.0,"Next Karate Kid, The (1994)",
18,508,,1455749987.0,Philadelphia (1993),Drama
18,527,4.5,1455050006.0,Schindler's List (1993),Drama|War
18,541,4.0,1456745325.0,Blade Runner (1982),Action|Sci-Fi|Thriller
18,555,,1504907725.0,True Romance (1993),Crime|Thriller
18,586,3.5,1455748696.0,Home Alone (1990),Children|Comedy
18,588,3.5,1455209912.0,Aladdin (1992),Adventure|Animation|Children|Comedy|Musical
18,589,4.5,1455209793.0,Terminator 2: Judgment Day (1991),Action|Sci-Fi
18,590,4.0,1455209837.0,Dances with Wolves (1990),Adventure|Drama|Western
18,593,4.5,1455050067.0,"Silence of the Lambs, The (1991)",Crime|Horror|Thriller
18,595,3.0,1455209900.0,Beauty and the Beast (1991),Animation|Children|Fantasy|Musical|Romance|IMAX
18,608,4.5,,Fargo (1996),Comedy|Crime|Drama|Thriller
18,628,3.5,1459495567.0,Primal Fear (1996),Crime|Drama|Mystery|Thriller
18,648,3.0,1455209873.0,Mission: Impossible (1996),Action|Adventure|Mystery|Thriller
18,653,3.0,,Dragonheart (1996),Action|Adventure|Fantasy
18,673,3.0,1455735781.0,Space Jam (1996),Adventure|Animation|Children|Comedy|Fantasy|Sci-Fi
18,745,4.0,1460242118.0,Wallace & Gromit: A Close Shave (1995),Animation|Children|Comedy
18,778,4.5,1455050179.0,Trainspotting (1996),Comedy|Crime|Drama
18,780,,1455209824.0,Independence Day (a.k.a. ID4) (1996),Action|Adventure|Sci-Fi|Thriller
18,784,2.0,1455735643.0,"Cable Guy, The (1996)",Comedy|Thriller
18,849,3.5,1455735861.0,Escape from L.A. (1996),
18,858,4.0,1455050024.0,"Godfather, The (1972)",Crime|Drama
18,904,4.5,1455050080.0,Rear Window (1954),Mystery|Thriller
18,908,4.0,1455748398.0,North by Northwest (1959),Action|Adventure|Mystery|Romance|Thriller
18,913,4.0,1517525849.0,"Maltese Falcon, The (1941)",Film-Noir|Mystery
18,919,4.0,1455748544.0,"Wizard of Oz, The (1939)",Adventure|Children|Fantasy|Musical
18,923,5.0,1455059762.0,Citizen Kane (1941),Drama|Mystery
18,924,4.0,1458516291.0,2001: A Space Odyssey (1968),Adventure|Drama|Sci-Fi
18,1020,3.5,1456955800.0,Cool Runnings (1993),Comedy
18,1036,4.0,1455618103.0,Die Hard (1988),Action|Crime|Thriller
18,1059,3.5,1455735783.0,William Shakespeare's Romeo + Juliet (1996),Drama|Romance
18,1080,4.5,1455231152.0,Monty Python's Life of Brian (1979),Comedy
18,1086,,1473368992.0,Dial M for Murder (1954),Crime|Mystery|Thriller
18,1089,4.0,1455051391.0,Reservoir Dogs (1992),Crime|Mystery|Thriller
18,1095,4.0,1502911292.0,Glengarry Glen Ross (1992),Drama
18,1136,4.5,1455210625.0,Monty Python and the Holy Grail (1975),Adventure|Comedy|Fantasy
18,1148,4.5,1455050359.0,Wallace & Gromit: The Wrong Trousers (1993),Animation|Children|Comedy|Crime
18,1193,,1517686025.0,One Flew Over the Cuckoo's Nest (1975),Drama
18,1196,4.0,1455209805.0,Star Wars: Episode V - The Empire Strikes Back (1980),Action|Adventure|Sci-Fi
18,1198,4.0,1455049377.0,Raiders of the Lost Ark (Indiana Jones and the Raiders of the Lost Ark) (1981),Action|Adventure
18,1201,5.0,1455051405.0,"Good, the Bad and the Ugly, The (Buono, il brutto, il cattivo, Il) (1966)",Action|Adventure|Western
18,1203,5.0,1455050107.0,12 Angry Men (1957),Drama
18,1206,4.5,1455050357.0,"Clockwork Orange, A (1971)",Crime|Drama|Sci-Fi|Thriller
18,1207,4.5,1455050736.0,To Kill a Mockingbird (1962),Drama
18,1208,3.5,1455051397.0,Apocalypse Now (1979),Action|Drama|War
18,1209,,1455050528.0,Once Upon a Time in the West (C'era una volta il West) (1968),Action|Drama|Western
18,1210,4.5,1455209798.0,Star Wars: Episode VI - Return of the Jedi (1983),Action|Adventure|Sci-Fi
18,1212,4.5,,"Third Man, The (1949)",Film-Noir|Mystery|Thriller
18,1213,4.5,1455050000.0,Goodfellas (1990),Crime|Drama
18,1214,4.0,1455050629.0,Alien (1979),Horror|Sci-Fi
18,1219,4.5,1455050177.0,Psycho (1960),Crime|Horror
18,1221,5.0,1460242083.0,"Godfather: Part II, The (1974)",Crime|Drama
18,1222,4.5,,Full Metal Jacket (1987),Drama|War
18,1223,4.5,,"Grand Day Out with Wallace and Gromit, A (1989)",Adventure|Animation|Children|Comedy|Sci-Fi
18,1227,4.5,1485097725.0,Once Upon a Time in America (1984),Crime|Drama
18,1234,4.5,1455820726.0,"Sting, The (1973)",Comedy|Crime
18,1240,4.0,1455618100.0,"Terminator, The (1984)",Action|Sci-Fi|Thriller
18,1245,4.0,1503000947.0,Miller's Crossing (1990),Crime|Drama|Film-Noir|Thriller
18,1246,4.0,1455618445.0,Dead Poets Society (1989),Drama
18,1247,4.5,1455050172.0,"Graduate, The (1967)",Comedy|Drama|Romance
18,1252,4.0,1457565435.0,Chinatown (1974),Crime|Film-Noir|Mystery|Thriller
18,1260,4.0,1455059781.0,M (1931),Crime|Film-Noir|Thriller
18,1270,4.0,1455748627.0,Back to the Future (1985),Adventure|Comedy|Sci-Fi
18,1275,3.5,1456745019.0,Highlander (1986),Action|Adventure|Fantasy
18,1276,4.0,1456438623.0,Cool Hand Luke (1967),Drama
18,1291,4.0,1455059809.0,Indiana Jones and the Last Crusade (1989),Action|Adventure
18,1356,4.5,1455231686.0,Star Trek: First Contact (1996),Action|Adventure|Sci-Fi|Thriller
18,1370,3.5,1455748921.0,Die Hard 2 (1990),Action|Adventure|Thriller
18,1371,4.0,1455617646.0,Star Trek: The Motion Picture (1979),Adventure|Sci-Fi
18,1374,,1456958429.0,Star Trek II: The Wrath of Khan (1982),Action|Adventure|Sci-Fi|Thriller
18,1375,3.5,1455231757.0,Star Trek III: The Search for Spock (1984),Action|Adventure|Sci-Fi
18,1391,3.0,1455529835.0,Mars Attacks! (1996),Action|Comedy|Sci-Fi
18,1466,4.0,1476901312.0,Donnie Brasco (1997),Crime|Drama
18,1517,2.5,1455748555.0,Austin Powers: International Man of Mystery (1997),Action|Adventure|Comedy
18,1527,3.5,1455050095.0,"Fifth Element, The (1997)",
18,1544,3.5,1455735715.0,"Lost World: Jurassic Park, The (1997)",Action|Adventure|Sci-Fi|Thriller
18,1580,3.5,1455748435.0,Men in Black (a.k.a. MIB) (1997),Action|Comedy|Sci-Fi
18,1608,3.0,1455735712.0,Air Force One (1997),Action|Thriller
18,1617,4.0,1459375071.0,L.A. Confidential (1997),
18,1625,3.5,1476823531.0,"Game, The (1997)",Drama|Mystery|Thriller
18,1653,3.5,1455748777.0,Gattaca (1997),Drama|Sci-Fi|Thriller
18,1676,3.5,1455735650.0,Starship Troopers (1997),Action|Sci-Fi
18,1682,3.0,1455231395.0,"Truman Show, The (1998)",Comedy|Drama|Sci-Fi
18,1704,4.0,1455050003.0,Good Will Hunting (1997),Drama|Romance
18,1721,4.0,1455748443.0,Titanic (1997),Drama|Romance
18,1729,4.0,1465468014.0,Jackie Brown (1997),Crime|Drama|Thriller
18,1732,4.5,1456958438.0,"Big Lebowski, The (1998)",
18,1784,3.5,1456672335.0,As Good as It Gets (1997),Comedy|Drama|Romance
18,1805,3.5,1456956041.0,Wild Things (1998),Crime|Drama|Mystery|Thriller
18,1892,4.0,1458679104.0,"Perfect Murder, A (1998)",Thriller
18,1917,3.0,1455748548.0,Armageddon (1998),Action|Romance|Sci-Fi|Thriller
18,1918,3.5,1455735827.0,Lethal Weapon 4 (1998),Action|Comedy|Crime|Thriller
18,1924,2.5,1456875333.0,Plan 9 from Outer Space (1959),Horror|Sci-Fi
18,1954,4.0,1455749673.0,Rocky (1976),Drama
18,1961,4.0,1455050512.0,Rain Man (1988),Drama
18,2000,4.0,1455529833.0,Lethal Weapon (1987),Action|Comedy|Crime|Drama
18,2001,3.5,1455749721.0,Lethal Weapon 2 (1989),Action|Comedy|Crime|Drama
18,2002,3.5,1456395560.0,Lethal Weapon 3 (1992),Action|Comedy|Crime|Drama
18,2011,3.5,1455748634.0,Back to the Future Part II (1989),Adventure|Comedy|Sci-Fi
18,2012,3.0,1455748610.0,Back to the Future Part III (1990),Adventure|Comedy|Sci-Fi|Western
18,2019,4.0,,Seven Samurai (Shichinin no samurai) (1954),Action|Adventure|Drama
18,2028,4.0,1455209855.0,Saving Private Ryan (1998),Action|Drama|War
18,2058,3.5,1476911164.0,"Negotiator, The (1998)",Action|Crime|Drama|Mystery|Thriller
18,2115,4.0,1455748562.0,Indiana Jones and the Temple of Doom (1984),Action|Adventure|Fantasy
18,2184,3.0,1512850460.0,"Trouble with Harry, The (1955)",Comedy|Mystery
18,2194,3.5,1464994625.0,"Untouchables, The (1987)",Action|Crime|Drama
18,2268,4.0,1456672532.0,"Few Good Men, A (1992)",Crime|Drama|Thriller
18,2278,,1464907405.0,Ronin (1998),Action|Crime|Thriller
18,2291,4.0,1455748560.0,Edward Scissorhands (1990),Drama|Fantasy|Romance
18,2324,4.5,1475001075.0,Life Is Beautiful (La Vita è bella) (1997),Comedy|Drama|Romance|War
18,2329,4.0,1455209651.0,American History X (1998),Crime|Drama
18,2409,4.0,1455749696.0,Rocky II (1979),
18,2410,,1456958417.0,Rocky III (1982),Action|Drama
18,2411,3.0,,Rocky IV (1985),Action|Drama
18,2412,3.0,1456875250.0,Rocky V (1990),Action|Drama
18,2420,4.0,1455749756.0,"Karate Kid, The (1984)",Drama
18,2421,,1455749739.0,"Karate Kid, Part II, The (1986)",Action|Adventure|Drama
18,2422,3.0,1456864794.0,"Karate Kid, Part III, The (1989)",Action|Adventure|Children|Drama
18,2470,3.0,1455529935.0,Crocodile Dundee (1986),Adventure|Comedy
18,2490,3.5,1504894686.0,Payback (1999),Action|Thriller
18,2542,4.5,1456584499.0,"Lock, Stock & Two Smoking Barrels (1998)",Comedy|Crime|Thriller
18,2571,4.5,,"Matrix, The (1999)",Action|Sci-Fi|Thriller
18,2683,2.5,1455231399.0,Austin Powers: The Spy Who Shagged Me (1999),Action|Adventure|Comedy
18,2692,3.0,1455231448.0,Run Lola Run (Lola rennt) (1998),Action|Crime
18,2706,3.5,1455231410.0,American Pie (1999),Comedy|Romance
18,2762,4.5,1455209891.0,"Sixth Sense, The (1999)",Drama|Horror|Mystery
18,2918,3.5,1455748728.0,Ferris Bueller's Day Off (1986),Comedy
18,2951,4.5,1455735323.0,"Fistful of Dollars, A (Per un pugno di dollari) (1964)",Action|Western
18,2953,3.0,1456875367.0,Home Alone 2: Lost in New York (1992),
18,2959,4.5,1455049351.0,Fight Club (1999),Action|Crime|Drama|Thriller
18,2997,4.0,1455231386.0,Being John Malkovich (1999),Comedy|Drama|Fantasy
18,3052,4.5,1455231506.0,Dogma (1999),Adventure|Comedy|Fantasy
18,3081,4.0,1455231488.0,Sleepy Hollow (1999),Fantasy|Horror|Mystery|Romance
18,3147,4.0,1455231412.0,"Green Mile, The (1999)",Crime|Drama
18,3253,3.0,1512850503.0,Wayne's World (1992),Comedy
18,3257,3.0,1456864683.0,"Bodyguard, The (1992)",Drama|Romance|Thriller
18,3275,4.5,1455617700.0,"Boondock Saints, The (2000)",Action|Crime|Drama|Thriller
18,3462,4.0,1476393345.0,Modern Times (1936),Comedy|Drama|Romance
18,3578,4.5,1455209857.0,Gladiator (2000),Action|Adventure|Drama
18,3681,4.5,1455735337.0,For a Few Dollars More (Per qualche dollaro in più) (1965),Action|Drama|Thriller|Western
18,3702,3.5,1457382557.0,Mad Max (1979),Action|Adventure|Sci-Fi
18,3751,3.5,1455529841.0,Chicken Run (2000),Animation|Children|Comedy
18,3785,2.0,1455231603.0,Scary Movie (2000),Comedy|Horror
18,3793,4.0,1464994762.0,X-Men (2000),Action|Adventure|Sci-Fi
18,3896,4.0,1504894830.0,"Way of the Gun, The (2000)",Crime|Thriller
18,3949,4.5,1455529881.0,Requiem for a Dream (2000),
18,3994,2.5,1455231481.0,Unbreakable (2000),Drama|Sci-Fi
18,4007,4.0,1504731757.0,Wall Street (1987),Drama
18,4011,4.5,1456958432.0,Snatch (2000),Comedy|Crime|Thriller
18,4226,4.5,1455231390.0,Memento (2000),Mystery|Thriller
18,4239,4.0,1476901503.0,Blow (2001),Crime|Drama
18,4262,4.0,1456772015.0,Scarface (1983),
18,4306,4.0,1455209697.0,Shrek (2001),Adventure|Animation|Children|Comedy|Fantasy|Romance
18,4327,4.0,1455735349.0,"Magnificent Seven, The (1960)",Adventure|Western
18,4383,4.0,1486846015.0,"Crimson Rivers, The (Rivières pourpres, Les) (2000)",Crime|Drama|Mystery|Thriller
18,4643,3.0,1456395471.0,Planet of the Apes (2001),Action|Adventure|Drama|Sci-Fi
18,4728,3.0,,Rat Race (2001),Comedy
18,4816,3.0,1456919460.0,Zoolander (2001),Comedy
18,4886,4.0,1455209685.0,"Monsters, Inc. (2001)",Adventure|Animation|Children|Comedy|Fantasy
18,4896,3.5,1456923934.0,Harry Potter and the Sorcerer's Stone (a.k.a. Harry Potter and the Philosopher's Stone) (2001),Adventure|Children|Fantasy
18,4963,4.0,1455209694.0,Ocean's Eleven (2001),Crime|Thriller
18,4973,4.0,,"Amelie (Fabuleux destin d'Amélie Poulain, Le) (2001)",Comedy|Romance
18,4993,4.5,1455209675.0,"Lord of the Rings: The Fellowship of the Ring, The (2001)",Adventure|Fantasy
18,4995,4.5,1455209718.0,"Beautiful Mind, A (2001)",Drama|Romance
18,5008,4.5,1456744749.0,Witness for the Prosecution (1957),Drama|Mystery|Thriller
18,5120,4.5,1516054115.0,Sleuth (1972),Comedy|Mystery|Thriller
18,5218,,1455209763.0,Ice Age (2002),Adventure|Animation|Children|Comedy
18,5266,3.5,1455050827.0,Panic Room (2002),Thriller
18,5349,4.0,1456923908.0,Spider-Man (2002),Action|Adventure|Sci-Fi|Thriller
18,5418,4.0,1455749029.0,"Bourne Identity, The (2002)",Action|Mystery|Thriller
18,5445,4.0,1455209691.0,Minority Report (2002),Action|Crime|Mystery|Sci-Fi|Thriller
18,5459,2.5,1455050758.0,Men in Black II (a.k.a. MIIB) (a.k.a. MIB 2) (2002),Action|Comedy|Sci-Fi
18,5464,,1458669462.0,Road to Perdition (2002),Crime|Drama
18,5481,3.0,1455050806.0,Austin Powers in Goldmember (2002),Comedy
18,5574,3.5,1455050917.0,"Transporter, The (2002)",Action|Crime
18,5608,4.0,1455821517.0,"Das Experiment (Experiment, The) (2001)",Drama|Thriller
18,5669,3.5,1456919349.0,Bowling for Columbine (2002),Documentary
18,5679,4.0,1455617626.0,"Ring, The (2002)",Horror|Mystery|Thriller
18,5816,3.5,1456923936.0,Harry Potter and the Chamber of Secrets (2002),Adventure|Fantasy
18,5903,3.5,1456832424.0,Equilibrium (2002),Action|Sci-Fi|Thriller
18,5944,2.5,1455231780.0,Star Trek: Nemesis (2002),Action|Drama|Sci-Fi|Thriller
18,5952,3.5,1455209677.0,"Lord of the Rings: The Two Towers, The (2002)",Adventure|Fantasy
18,5956,4.0,1455050816.0,Gangs of New York (2002),Crime|Drama
18,5989,4.0,1455209729.0,Catch Me If You Can (2002),Crime|Drama
18,5995,4.5,1455735416.0,"Pianist, The (2002)",Drama|War
